age,gender,work,householdID
58,true,retraite,7495
17,false,employe_prive,16335
51,false,sans_activite,14514
25,false,commercant,14514
61,true,agriculteur,14514
97,false,commercant,14514
67,true,commercant,14514
22,false,ouvrier_agricole,2619
77,false,sans_activite,1391
82,true,ouvrier_batiment,1391
25,false,agriculteur,1391
71,false,enseignant,1391
57,true,enseignant,1391
60,true,sans_activite,1391
29,false,agriculteur,18245
84,true,commercant,2165
68,false,enseignant,2165
7,true,ecolier,2165
79,true,sans_activite,16952
29,false,militaire,16952
17,true,retraite,16952
66,false,agriculteur,16952
24,false,ouvrier_agricole,15547
14,false,employe_prive,15547
71,false,ouvrier,6548
20,true,conducteur,6548
28,true,sans_activite,6548
16,false,employe_prive,6548
18,false,retraite,6548
80,false,ouvrier_agricole,6548
71,true,retraite,6710
29,false,artisant,6710
80,false,employe_prive,6710
76,false,artisant,6710
0,false,artisant,8822
54,false,ecolier,8822
19,true,retraite,8822
52,true,employe_prive,8822
21,false,ecolier,8822
30,true,commercant,8822
27,false,commercant,11845
30,true,retraite,11845
6,false,ouvrier_agricole,11845
45,false,ouvrier_batiment,1602
15,true,ouvrier,12940
60,false,enseignant,685
22,false,commercant,685
28,false,ouvrier_batiment,685
58,false,ouvrier_batiment,685
22,true,sans_activite,685
34,true,ouvrier,6915
1,false,enseignant,6915
26,true,ouvrier_agricole,15944
65,false,commercant,15944
22,false,ouvrier,17395
21,true,ecolier,8730
65,true,ouvrier,8730
53,true,conducteur,8730
86,true,ecolier,8730
19,false,ouvrier_batiment,11915
82,true,ouvrier_agricole,16749
80,true,ouvrier_batiment,16749
61,true,ouvrier,16749
56,false,militaire,13926
26,true,artisant,13926
94,false,ouvrier_agricole,9091
35,true,ouvrier,9091
62,false,enseignant,5222
4,false,enseignant,5222
19,true,ouvrier,5222
38,true,sans_activite,14174
41,false,artisant,5212
16,false,ecolier,5212
23,false,conducteur,5212
67,false,ouvrier_batiment,16047
52,false,ecolier,16047
11,false,employe_prive,16047
45,true,conducteur,16047
24,true,ecolier,16047
27,true,conducteur,18131
79,false,enseignant,18131
20,true,employe_prive,18131
3,false,employe_prive,8210
23,true,enseignant,8210
36,true,retraite,8210
76,false,artisant,8210
19,false,ouvrier,2239
61,false,ecolier,15229
51,true,ouvrier_agricole,15229
12,false,conducteur,15229
90,true,ouvrier,15229
57,true,militaire,15229
19,true,employe_prive,15229
59,false,enseignant,11770
49,true,retraite,11770
80,true,agriculteur,11770
58,true,ecolier,11770
20,true,retraite,11770
21,false,ouvrier_agricole,19977
28,false,conducteur,19977
55,true,ouvrier,19977
8,false,militaire,3918
79,true,ouvrier_agricole,3918
45,false,ouvrier_batiment,3918
53,false,agriculteur,3918
14,true,retraite,346
78,true,sans_activite,346
58,false,agriculteur,346
90,false,retraite,346
37,true,agriculteur,18317
79,true,enseignant,18317
95,true,ouvrier_batiment,18317
42,false,ouvrier,18317
75,true,ouvrier_agricole,18317
18,false,ecolier,3161
94,false,sans_activite,3161
5,true,artisant,3161
66,true,sans_activite,10241
23,false,sans_activite,10241
43,true,sans_activite,10241
39,true,conducteur,10241
16,false,retraite,10241
52,true,ecolier,10241
77,true,enseignant,19510
22,false,militaire,19510
65,false,employe_prive,19510
71,false,conducteur,2800
78,true,enseignant,2800
34,true,agriculteur,2800
69,true,ouvrier_agricole,2800
98,false,ouvrier,6055
98,true,artisant,6055
20,true,ouvrier,6055
53,true,ouvrier_batiment,6055
36,false,employe_prive,6055
58,true,sans_activite,6362
66,true,ouvrier,6362
11,false,agriculteur,6362
63,false,ecolier,6362
60,false,ouvrier_agricole,6362
28,false,retraite,16343
74,false,ouvrier_agricole,16343
3,false,commercant,624
58,false,artisant,13027
66,false,agriculteur,13027
76,false,ouvrier_agricole,13027
29,true,commercant,13027
99,true,commercant,13027
21,true,ouvrier,6516
26,true,artisant,6516
64,false,retraite,4192
18,true,ouvrier_batiment,4192
19,false,sans_activite,4192
55,false,employe_prive,4192
31,false,ecolier,4192
79,false,ouvrier_batiment,18399
37,false,ouvrier_batiment,18399
46,false,ecolier,18399
69,true,artisant,18399
32,true,sans_activite,5460
11,false,ecolier,5460
28,false,agriculteur,5460
76,true,ouvrier_batiment,5460
8,false,sans_activite,1756
12,false,retraite,1756
17,true,agriculteur,1756
26,true,commercant,1756
96,true,ouvrier,1756
12,false,ouvrier_batiment,4285
28,false,conducteur,13900
16,false,ecolier,13900
51,true,ouvrier_agricole,699
80,false,employe_prive,699
23,false,militaire,699
77,false,conducteur,699
25,true,conducteur,6775
1,true,agriculteur,6775
29,false,commercant,79
54,true,employe_prive,79
55,false,artisant,79
20,true,artisant,79
18,true,agriculteur,79
79,false,ouvrier_batiment,12808
15,true,ouvrier_batiment,12808
68,true,enseignant,12808
100,true,enseignant,12808
71,true,ouvrier_batiment,12808
8,true,employe_prive,12808
30,true,agriculteur,19087
89,true,ouvrier,19087
17,true,ouvrier,19087
89,true,employe_prive,19087
97,false,sans_activite,5781
83,true,artisant,5781
14,false,ouvrier,5781
7,false,retraite,5781
17,true,agriculteur,13859
27,true,employe_prive,13859
54,false,conducteur,13859
29,true,sans_activite,13859
78,true,enseignant,16021
25,true,ouvrier_agricole,16021
89,true,sans_activite,16021
58,true,employe_prive,16021
85,true,ecolier,16021
68,true,ouvrier_batiment,3207
79,true,retraite,5450
30,false,ouvrier_batiment,5450
25,true,ouvrier_agricole,4875
79,true,employe_prive,4875
57,true,commercant,4875
95,true,sans_activite,6732
25,false,artisant,6732
52,false,sans_activite,6732
70,true,conducteur,6732
37,true,artisant,6732
92,false,conducteur,6732
23,true,artisant,10487
35,false,ouvrier_batiment,17086
67,true,enseignant,5947
32,false,ouvrier,5947
83,true,ecolier,5947
16,false,conducteur,19508
54,false,enseignant,12895
40,true,artisant,12895
27,false,sans_activite,12895
17,false,enseignant,5013
95,true,militaire,5013
79,false,agriculteur,5013
13,false,ecolier,5013
72,true,ouvrier,8016
17,false,employe_prive,8016
19,true,artisant,8016
87,false,employe_prive,8016
17,true,artisant,11599
6,true,agriculteur,11599
20,false,ouvrier_batiment,1764
5,true,agriculteur,1764
74,false,employe_prive,1764
70,false,ouvrier_agricole,8800
55,false,artisant,8800
19,true,ouvrier_batiment,8800
20,true,ouvrier_agricole,8800
24,false,ouvrier_agricole,8800
23,true,enseignant,8800
47,true,agriculteur,14573
31,false,enseignant,7461
16,true,ecolier,7461
39,false,agriculteur,7461
54,false,employe_prive,7461
78,false,ouvrier_batiment,7461
98,false,enseignant,2834
17,true,employe_prive,2834
47,false,ouvrier_batiment,2834
65,false,sans_activite,7048
17,false,artisant,4156
83,true,agriculteur,4156
83,true,ecolier,16896
27,true,militaire,16896
89,false,agriculteur,16896
83,true,sans_activite,16896
23,false,militaire,4612
20,false,ouvrier_agricole,4612
38,false,commercant,7416
10,true,militaire,14666
46,false,sans_activite,11151
83,true,ouvrier,10660
60,true,agriculteur,11305
18,false,conducteur,11305
21,false,militaire,11305
76,false,militaire,11305
40,true,employe_prive,2551
91,false,artisant,11513
17,false,conducteur,8469
93,true,retraite,8469
24,true,commercant,8469
24,false,employe_prive,8469
41,false,employe_prive,8469
65,false,ouvrier_agricole,8469
3,false,ecolier,9647
5,false,ouvrier_batiment,789
18,true,commercant,789
26,true,sans_activite,789
22,false,enseignant,789
36,true,commercant,789
54,false,ouvrier,17370
80,true,retraite,17370
32,true,commercant,17370
56,true,militaire,17795
79,false,ouvrier_agricole,17795
61,true,artisant,17795
27,false,militaire,17795
41,true,enseignant,8122
0,true,employe_prive,15877
37,true,conducteur,15877
23,false,commercant,15877
79,true,employe_prive,1266
87,true,retraite,1266
88,false,commercant,1266
6,false,ouvrier,1266
79,true,agriculteur,1266
23,false,ouvrier_batiment,5599
17,true,artisant,5599
65,true,enseignant,12705
49,false,commercant,8802
67,false,artisant,8802
13,false,artisant,8802
34,true,enseignant,8802
41,true,commercant,8802
83,true,agriculteur,13495
55,false,ouvrier_batiment,11430
49,true,ouvrier,11430
59,false,ecolier,17466
60,false,commercant,17466
54,false,artisant,17466
55,false,militaire,17466
28,true,commercant,17466
20,true,sans_activite,19141
50,false,sans_activite,19141
24,false,enseignant,19141
52,false,agriculteur,19141
28,false,militaire,19141
53,true,commercant,11630
52,false,conducteur,11630
20,false,enseignant,11630
20,true,employe_prive,11630
20,false,militaire,11630
6,true,sans_activite,11630
6,true,sans_activite,18858
27,false,artisant,18858
3,false,conducteur,18858
59,true,agriculteur,18858
73,false,ecolier,18858
38,true,artisant,18858
74,true,agriculteur,2381
70,true,ouvrier_agricole,2381
21,false,sans_activite,2381
11,false,artisant,2381
77,true,ouvrier,2381
21,true,conducteur,2381
18,false,conducteur,4405
94,true,sans_activite,4405
77,false,commercant,17588
5,true,ecolier,17588
29,true,ouvrier_batiment,17588
71,true,enseignant,17588
27,false,artisant,17588
55,false,ouvrier,9126
10,true,ouvrier_agricole,9126
63,true,ecolier,9126
25,false,ouvrier_batiment,9126
48,false,conducteur,9126
75,false,enseignant,12574
70,false,agriculteur,12574
5,false,sans_activite,5300
56,true,agriculteur,5300
34,false,ouvrier,5300
58,false,ouvrier,9202
25,false,agriculteur,9202
18,true,conducteur,9202
18,true,employe_prive,9202
3,false,ouvrier_agricole,9202
21,true,ouvrier_batiment,9202
11,false,ouvrier_agricole,15466
7,true,ecolier,15466
21,false,enseignant,10121
68,false,artisant,10121
17,false,sans_activite,10121
25,true,militaire,10121
79,false,ecolier,11625
18,false,commercant,11625
21,true,commercant,7490
69,false,employe_prive,7490
5,false,enseignant,7490
17,true,retraite,7490
76,false,enseignant,15332
56,false,agriculteur,15332
19,true,artisant,15332
30,false,ouvrier,15332
10,false,commercant,15332
19,false,sans_activite,3840
17,true,conducteur,3840
77,true,ouvrier,9320
13,true,ecolier,9320
78,false,ecolier,9320
65,false,ouvrier_agricole,16088
68,false,enseignant,16088
13,true,sans_activite,16088
33,false,sans_activite,16088
19,true,retraite,14441
10,true,enseignant,3211
5,false,ouvrier_agricole,3211
85,false,enseignant,3211
19,true,militaire,3211
18,false,agriculteur,3211
5,true,militaire,15904
68,false,enseignant,15904
21,false,ecolier,15904
23,true,sans_activite,15904
4,true,conducteur,12612
25,true,artisant,16009
80,false,sans_activite,16009
24,false,ouvrier_agricole,16009
78,true,ouvrier,16009
16,true,sans_activite,3939
25,false,commercant,3939
21,true,ouvrier_agricole,3939
77,true,artisant,3939
76,false,conducteur,3939
2,true,employe_prive,14387
65,true,ouvrier_batiment,14387
8,false,ecolier,14387
21,false,agriculteur,14387
77,true,ouvrier_batiment,14387
22,true,enseignant,15708
20,false,ecolier,9542
29,true,ouvrier,9542
35,true,sans_activite,9542
28,true,artisant,9542
81,false,sans_activite,16857
64,false,employe_prive,16857
64,false,ouvrier_agricole,16857
56,true,ouvrier_agricole,15455
27,false,sans_activite,15455
16,false,ouvrier,15455
24,true,employe_prive,15455
77,false,sans_activite,15455
17,false,militaire,321
59,true,commercant,321
24,true,ouvrier,321
14,false,employe_prive,8749
76,false,artisant,8749
0,true,ouvrier,8749
78,false,ouvrier_batiment,8749
30,false,conducteur,8749
76,false,agriculteur,8749
88,false,ouvrier,2372
27,false,retraite,256
19,false,employe_prive,529
69,false,employe_prive,529
85,true,agriculteur,529
69,false,employe_prive,529
57,true,agriculteur,17432
56,true,commercant,17432
44,false,ecolier,10470
82,false,artisant,10470
23,true,enseignant,2949
76,true,ecolier,2949
55,false,conducteur,2949
52,false,ouvrier_batiment,5795
16,false,conducteur,7139
29,true,enseignant,7139
34,false,conducteur,7139
29,true,agriculteur,7139
27,false,artisant,7139
34,true,ouvrier_batiment,353
55,false,employe_prive,14029
29,true,militaire,14029
2,false,employe_prive,14029
29,true,retraite,14029
25,true,ecolier,14029
34,false,agriculteur,14029
20,false,commercant,14115
52,false,ouvrier,11902
78,true,enseignant,8729
61,true,militaire,8729
42,false,ecolier,8729
79,true,artisant,4810
63,false,employe_prive,4810
11,false,conducteur,14846
28,true,commercant,14846
0,false,enseignant,16683
69,false,enseignant,16683
76,false,ouvrier_agricole,16683
8,false,agriculteur,16683
29,false,enseignant,16683
22,true,artisant,3850
30,true,commercant,3850
59,true,ouvrier_batiment,3850
71,true,agriculteur,3850
89,true,sans_activite,3850
29,true,sans_activite,3850
54,false,ouvrier_agricole,8989
79,true,conducteur,8989
47,true,enseignant,8989
29,true,commercant,8989
79,false,ouvrier,8989
77,true,ouvrier_agricole,8989
14,false,retraite,5073
48,false,enseignant,5073
19,true,artisant,5073
16,true,ouvrier,5073
15,true,militaire,5073
20,false,enseignant,5073
78,true,retraite,17775
90,true,artisant,7849
29,true,enseignant,7849
58,true,enseignant,7849
20,true,ouvrier_batiment,17314
29,false,retraite,17314
89,false,artisant,17314
24,true,commercant,17314
66,true,commercant,17314
71,false,conducteur,5901
26,true,employe_prive,8902
16,false,ouvrier_agricole,8902
83,false,agriculteur,8902
58,false,ouvrier_batiment,8902
64,true,retraite,16782
12,false,militaire,16782
1,true,retraite,15364
32,true,ouvrier_batiment,3145
15,true,retraite,3145
79,true,enseignant,13792
85,true,ouvrier,13792
21,false,ecolier,13792
22,false,sans_activite,13792
95,false,militaire,13792
91,false,artisant,13792
38,false,agriculteur,15835
93,false,artisant,15835
56,true,commercant,15835
25,true,enseignant,15835
22,true,employe_prive,15835
60,false,enseignant,2986
17,true,conducteur,2986
55,false,commercant,2986
100,true,employe_prive,2986
50,true,conducteur,5457
57,false,artisant,5457
27,false,ouvrier_batiment,5457
5,false,ecolier,5457
70,false,ecolier,5457
71,true,enseignant,17723
36,true,ouvrier_agricole,15653
23,true,commercant,15653
64,true,ecolier,14627
51,true,ouvrier_agricole,14627
19,false,ouvrier_agricole,6577
14,true,sans_activite,6577
54,true,sans_activite,6577
53,true,ecolier,13715
29,true,agriculteur,7414
24,false,retraite,7414
8,false,ecolier,6097
74,true,retraite,6097
30,true,conducteur,6097
72,true,employe_prive,6097
4,true,agriculteur,6097
27,true,retraite,6097
79,true,conducteur,4361
90,false,ouvrier_batiment,4361
40,false,ecolier,4361
93,true,ecolier,4361
99,true,agriculteur,4361
68,false,ecolier,4361
81,false,artisant,14854
14,true,enseignant,11832
80,true,commercant,11832
28,false,artisant,11832
26,false,enseignant,11832
23,true,ouvrier_batiment,16101
87,true,employe_prive,16101
76,false,employe_prive,5758
25,true,commercant,5758
60,false,ouvrier,5758
17,true,enseignant,5758
28,false,artisant,3925
15,false,ouvrier_agricole,3925
76,true,enseignant,3925
76,true,sans_activite,3925
18,true,employe_prive,3925
26,true,commercant,6181
29,false,ouvrier,8413
13,false,commercant,8413
22,true,sans_activite,9730
6,true,sans_activite,9730
66,true,sans_activite,8074
22,false,ouvrier,8074
88,false,artisant,17949
57,true,ouvrier_batiment,17949
90,false,employe_prive,17949
61,false,militaire,17949
17,false,commercant,12704
78,true,ouvrier,12704
88,true,ouvrier_agricole,12704
14,false,artisant,12704
0,true,commercant,12704
72,true,commercant,13272
95,false,sans_activite,18569
16,false,retraite,18569
4,false,ouvrier_agricole,18569
27,false,enseignant,18569
51,true,retraite,8515
58,true,ouvrier_agricole,8515
4,true,ouvrier_batiment,14851
28,false,conducteur,12669
26,false,retraite,8415
76,true,artisant,8415
99,false,employe_prive,8415
24,true,employe_prive,8415
95,false,artisant,8415
26,false,ouvrier_agricole,8415
84,false,commercant,3673
52,true,militaire,16885
63,true,sans_activite,19247
86,false,artisant,19247
80,false,artisant,19247
24,false,retraite,15815
50,false,ouvrier_batiment,15815
89,false,ecolier,18700
26,true,ouvrier,18700
24,false,enseignant,12870
19,true,employe_prive,15995
80,true,employe_prive,15995
78,true,ouvrier_batiment,15995
42,true,commercant,15995
76,false,sans_activite,12342
29,true,retraite,12342
22,true,employe_prive,12342
75,true,ouvrier,12342
16,true,ouvrier_agricole,12342
50,false,conducteur,12342
78,true,enseignant,3044
4,false,ouvrier_batiment,17088
13,true,commercant,17088
78,false,commercant,17088
22,true,ecolier,17088
54,true,commercant,5397
28,false,enseignant,5397
4,true,conducteur,5397
16,true,ecolier,5397
76,true,retraite,5397
27,false,ouvrier,11394
53,true,employe_prive,11394
28,false,enseignant,11394
23,true,retraite,11394
23,false,militaire,11394
17,true,ecolier,7693
88,false,ouvrier,15672
25,false,agriculteur,15672
51,true,sans_activite,15672
78,false,employe_prive,15672
18,true,conducteur,15672
4,true,retraite,13770
61,false,ouvrier_batiment,17991
88,true,ecolier,17991
79,true,commercant,17991
29,true,ouvrier,17991
81,true,commercant,17991
35,false,enseignant,8495
8,false,artisant,11232
36,true,retraite,11232
71,false,sans_activite,3706
68,false,ouvrier_batiment,3706
20,true,commercant,3706
47,false,ouvrier_agricole,3706
36,false,ecolier,3706
25,false,artisant,14082
25,false,conducteur,14082
29,false,militaire,14082
39,true,employe_prive,8072
28,true,enseignant,8072
79,false,retraite,7120
6,false,commercant,7120
26,true,ouvrier_batiment,7120
77,true,ouvrier,7120
19,false,militaire,7120
0,true,ouvrier_agricole,7120
95,false,agriculteur,6938
59,false,retraite,6938
66,false,artisant,6938
78,false,commercant,7544
83,true,artisant,7544
1,true,conducteur,14334
17,true,ouvrier_agricole,10158
60,false,conducteur,10158
76,true,artisant,10158
46,true,ouvrier,10158
36,true,commercant,10158
17,true,employe_prive,5925
74,true,artisant,5925
91,true,artisant,5925
73,true,agriculteur,5925
60,true,agriculteur,9684
28,false,artisant,9684
96,false,commercant,9684
59,true,ecolier,9684
28,false,ecolier,670
82,false,artisant,670
30,false,retraite,670
2,false,commercant,670
96,false,conducteur,1760
7,true,ouvrier_batiment,1760
76,true,sans_activite,1760
50,true,sans_activite,1760
4,true,agriculteur,1760
59,false,ouvrier,14362
80,false,employe_prive,14362
73,false,commercant,14362
48,true,militaire,14362
90,false,ouvrier,14362
72,false,ouvrier,19905
24,false,ouvrier_agricole,11985
55,true,agriculteur,11985
6,true,commercant,11985
76,false,militaire,11985
22,true,retraite,11985
83,true,commercant,11985
70,false,ouvrier_batiment,6085
24,true,artisant,6085
64,true,enseignant,6085
29,true,sans_activite,6085
15,true,ecolier,6085
30,true,ouvrier_batiment,183
25,true,ouvrier_batiment,501
59,false,agriculteur,5473
99,false,ouvrier,5473
99,true,militaire,5473
28,true,ouvrier_agricole,11978
23,false,sans_activite,1326
11,true,militaire,1326
52,true,enseignant,12391
25,false,militaire,12391
17,true,conducteur,12391
20,false,ouvrier,12391
38,false,sans_activite,12391
74,true,militaire,12391
84,true,employe_prive,15854
76,true,ouvrier_batiment,15854
74,false,artisant,15854
17,true,ouvrier,15854
23,false,artisant,15854
33,false,enseignant,15854
27,false,ouvrier_batiment,4196
52,false,agriculteur,4196
23,true,agriculteur,4196
80,false,militaire,4196
24,false,sans_activite,4196
21,false,enseignant,7683
60,false,employe_prive,7683
12,false,ouvrier_agricole,11834
15,true,ouvrier_agricole,19125
28,false,ecolier,19125
27,false,commercant,19125
21,false,militaire,19125
17,false,retraite,282
21,true,commercant,282
8,true,retraite,12640
58,true,commercant,528
76,true,sans_activite,528
74,true,ouvrier_batiment,9314
46,false,militaire,9314
23,true,commercant,9314
20,true,militaire,9314
80,false,ecolier,9314
54,true,ecolier,6146
52,true,retraite,6146
24,true,conducteur,4701
21,false,artisant,4701
24,false,retraite,7842
30,false,ouvrier_batiment,7842
20,true,sans_activite,7842
29,true,ouvrier_batiment,7842
35,true,enseignant,6
68,false,ouvrier_agricole,6
28,false,retraite,15529
68,true,ouvrier_batiment,15529
50,false,conducteur,1751
27,true,ouvrier_batiment,15070
32,false,sans_activite,15070
51,true,enseignant,14013
63,false,ecolier,12725
70,false,conducteur,12725
27,true,ouvrier_agricole,8788
55,false,ouvrier_batiment,6786
61,false,employe_prive,11503
25,false,employe_prive,4936
23,false,ouvrier,4936
17,false,agriculteur,4936
38,true,ouvrier_agricole,12628
62,true,enseignant,12628
35,true,employe_prive,12628
1,true,agriculteur,12628
37,false,agriculteur,15049
77,true,ouvrier,11792
60,true,ecolier,5522
41,true,commercant,5522
52,false,ouvrier_agricole,5522
27,true,enseignant,5522
19,true,ecolier,5522
33,true,sans_activite,3516
17,false,employe_prive,3516
43,true,ouvrier_agricole,3516
25,false,employe_prive,3516
18,false,enseignant,3516
78,false,ouvrier_batiment,3516
63,true,artisant,13606
53,true,artisant,13606
51,true,agriculteur,13606
29,false,ouvrier,13606
60,true,employe_prive,2425
47,true,ouvrier_batiment,2425
3,true,ecolier,2425
77,true,commercant,2425
55,true,commercant,2425
96,true,sans_activite,10604
9,false,ecolier,10604
2,false,enseignant,10604
78,false,militaire,10604
50,false,retraite,10604
26,true,conducteur,17992
79,false,enseignant,17992
99,true,employe_prive,11341
91,false,conducteur,11341
24,true,conducteur,11341
59,true,artisant,11341
20,true,militaire,12673
88,true,ecolier,12673
26,false,enseignant,12734
55,true,ouvrier_agricole,12734
89,false,employe_prive,12734
5,false,militaire,12734
88,false,commercant,12734
49,false,ouvrier_agricole,6606
99,false,enseignant,6606
70,false,agriculteur,6606
19,false,ecolier,6606
26,true,artisant,527
88,false,conducteur,527
77,false,artisant,527
10,true,militaire,527
48,false,artisant,127
29,true,retraite,127
70,true,enseignant,127
83,true,ecolier,7997
98,true,artisant,4305
22,true,conducteur,4305
72,false,sans_activite,4305
74,false,ecolier,4305
47,true,ouvrier_agricole,8104
30,true,ouvrier_agricole,8104
36,false,enseignant,8104
27,true,ouvrier_batiment,8104
79,true,agriculteur,8104
76,true,agriculteur,3617
85,false,ouvrier,3419
28,true,sans_activite,3419
22,false,artisant,3419
28,true,ouvrier_agricole,3419
3,false,employe_prive,3419
71,false,sans_activite,5422
61,true,ouvrier_batiment,5422
50,false,conducteur,5422
2,false,commercant,5422
54,true,enseignant,5422
84,false,artisant,8958
78,false,ouvrier_agricole,11449
54,false,artisant,11449
92,false,ecolier,11449
4,true,militaire,11449
60,false,enseignant,11449
93,true,ouvrier,17175
52,true,sans_activite,17175
21,false,ouvrier,17175
41,false,commercant,17175
79,true,retraite,17175
25,true,militaire,19690
71,true,artisant,19690
26,true,ouvrier,19690
3,false,ouvrier_agricole,19690
76,false,sans_activite,9630
94,true,agriculteur,9630
28,false,conducteur,8569
62,false,ouvrier_batiment,3377
77,false,commercant,3377
19,false,employe_prive,3377
79,false,ouvrier_agricole,3377
78,true,artisant,3377
16,false,retraite,11248
64,false,enseignant,11248
92,false,employe_prive,19662
21,true,agriculteur,19662
18,false,retraite,6893
69,false,agriculteur,6893
68,true,ouvrier,6289
53,false,enseignant,8547
80,true,ouvrier_batiment,8547
90,false,commercant,8547
80,true,sans_activite,8547
13,false,ouvrier,8547
29,false,artisant,16720
97,false,artisant,3832
36,false,employe_prive,3832
52,false,sans_activite,3832
94,false,artisant,3832
60,false,commercant,13643
11,false,ecolier,13643
92,false,enseignant,13643
30,true,artisant,13643
79,false,ouvrier,13643
31,true,ecolier,8295
27,false,commercant,5090
27,true,ouvrier,5090
19,false,artisant,5090
93,false,employe_prive,5090
96,true,conducteur,5090
63,false,conducteur,4927
29,true,retraite,15037
54,false,ouvrier_batiment,15037
27,false,ouvrier_agricole,15037
6,false,retraite,9168
58,false,ouvrier_agricole,9168
19,false,employe_prive,12644
0,true,artisant,12644
64,false,ecolier,12644
80,true,conducteur,12644
24,true,enseignant,12644
15,true,employe_prive,12644
29,false,agriculteur,16146
25,true,ecolier,16146
3,false,ouvrier_batiment,16146
37,true,militaire,749
77,false,artisant,749
28,true,enseignant,10417
49,true,retraite,10417
52,false,ecolier,10417
42,false,commercant,10417
92,false,commercant,10417
65,false,sans_activite,6639
0,true,ouvrier_agricole,6639
51,true,retraite,6639
45,true,artisant,12782
90,true,conducteur,10867
83,true,militaire,6306
76,false,commercant,6306
79,true,sans_activite,6306
2,false,enseignant,6306
23,false,ouvrier_batiment,6306
7,false,enseignant,6306
23,true,ouvrier_agricole,14047
93,true,ouvrier_batiment,14047
41,false,militaire,14047
91,false,conducteur,18500
66,true,artisant,18500
19,false,agriculteur,18500
57,false,enseignant,18500
25,true,sans_activite,6480
75,true,retraite,6480
56,true,enseignant,6480
3,true,commercant,6480
28,true,conducteur,6480
18,false,agriculteur,6480
77,true,ouvrier_batiment,5980
19,false,ouvrier,5980
29,false,retraite,5980
29,true,conducteur,5980
83,false,employe_prive,5980
5,true,retraite,5980
77,true,commercant,13939
60,true,agriculteur,13939
0,true,ouvrier,13939
64,false,artisant,9353
58,false,retraite,9353
94,false,commercant,9353
78,false,retraite,9353
50,true,ouvrier_agricole,9353
79,true,ouvrier_batiment,19571
19,true,ecolier,15924
19,true,retraite,15924
58,false,employe_prive,15924
14,true,ouvrier_batiment,15924
50,true,conducteur,15924
17,true,ecolier,14709
82,true,ecolier,14709
95,true,ouvrier_batiment,14709
2,false,employe_prive,4764
60,true,artisant,4764
25,false,commercant,4764
13,true,militaire,4764
16,true,conducteur,15406
16,false,employe_prive,15406
76,true,ouvrier_batiment,15406
22,false,employe_prive,15406
96,true,retraite,15406
27,false,conducteur,16184
60,false,ouvrier,7710
11,false,conducteur,11952
63,true,conducteur,11952
43,true,ecolier,18316
2,false,ecolier,18316
89,false,commercant,18316
84,false,agriculteur,18316
77,false,retraite,18316
92,false,retraite,4003
27,true,employe_prive,4003
55,true,commercant,4003
73,true,retraite,4003
15,false,ouvrier,4003
82,false,employe_prive,4003
77,false,sans_activite,6680
70,false,enseignant,6680
17,false,ouvrier_agricole,6680
78,true,employe_prive,13493
17,false,conducteur,13493
73,false,sans_activite,13493
52,false,ecolier,13493
9,true,employe_prive,18238
60,true,ouvrier_batiment,2507
22,true,employe_prive,6091
60,false,militaire,6091
16,false,ecolier,3563
0,true,commercant,3563
88,false,artisant,3563
10,true,employe_prive,3563
28,true,ouvrier_agricole,3563
7,false,employe_prive,3563
22,true,ouvrier_batiment,15841
98,true,commercant,15841
78,true,employe_prive,15841
15,true,commercant,15841
27,false,sans_activite,15841
21,false,ouvrier_agricole,15841
76,true,ouvrier,16051
17,false,ouvrier_agricole,16051
79,true,commercant,17251
74,false,ecolier,17251
1,true,ouvrier_agricole,17251
1,true,enseignant,17251
50,true,enseignant,19507
77,false,agriculteur,19507
31,false,ouvrier_batiment,19507
86,false,conducteur,19507
42,false,ouvrier,19507
75,true,employe_prive,19507
76,true,enseignant,16863
77,false,ouvrier,4448
29,false,conducteur,4448
76,true,ouvrier_batiment,4448
74,true,ouvrier_batiment,4448
23,false,militaire,4448
95,false,agriculteur,4448
96,true,conducteur,14314
77,true,ouvrier_agricole,14314
56,false,retraite,4794
18,false,ouvrier_batiment,4794
54,true,ecolier,345
23,true,sans_activite,345
95,false,artisant,345
49,true,commercant,345
99,true,sans_activite,16772
65,false,retraite,16772
47,true,commercant,16772
52,true,ouvrier_batiment,16772
79,true,militaire,16772
57,false,retraite,16772
17,true,employe_prive,75
30,true,ouvrier_agricole,75
72,false,employe_prive,75
29,true,retraite,8858
77,false,militaire,8858
47,false,ecolier,8858
25,true,ecolier,8672
57,false,sans_activite,8672
30,false,commercant,8672
38,false,enseignant,8672
74,false,militaire,7571
30,true,employe_prive,14467
19,true,militaire,14467
82,true,ecolier,12962
77,false,militaire,12962
76,true,ouvrier,12962
14,true,retraite,7068
19,false,conducteur,7068
32,false,ecolier,7068
99,false,enseignant,17253
77,false,employe_prive,17253
80,false,employe_prive,17253
16,true,enseignant,17253
89,false,ouvrier_agricole,14830
3,true,retraite,793
80,true,ouvrier_batiment,793
21,true,sans_activite,18946
30,false,ouvrier_batiment,18946
77,true,conducteur,12417
93,true,militaire,12417
30,false,conducteur,19486
76,true,ouvrier,19486
9,false,artisant,19486
78,false,commercant,19486
76,false,ouvrier_agricole,3860
95,true,artisant,3860
66,false,artisant,3860
35,false,employe_prive,3860
19,false,ouvrier_agricole,7428
2,true,ecolier,7428
91,false,enseignant,7428
81,true,retraite,14776
41,true,enseignant,18409
20,true,ouvrier_batiment,18409
19,true,ecolier,18191
76,true,ouvrier_batiment,18191
63,true,ouvrier_agricole,18191
35,false,ouvrier,18191
29,true,conducteur,18191
75,true,ecolier,18191
30,true,agriculteur,19626
2,false,enseignant,19626
77,true,commercant,19626
50,true,militaire,19626
28,true,retraite,19626
77,false,militaire,5989
53,true,sans_activite,5989
89,false,ouvrier_batiment,17228
67,true,artisant,17228
11,false,ouvrier_batiment,17228
97,false,artisant,17228
17,false,artisant,6890
20,true,ecolier,6890
8,true,agriculteur,6890
21,false,conducteur,6890
69,false,militaire,6890
9,false,ouvrier_agricole,6890
61,false,militaire,7603
21,false,enseignant,7603
79,false,employe_prive,7603
30,false,agriculteur,7603
61,true,retraite,3099
35,false,ecolier,3099
80,false,ouvrier,3099
36,false,ecolier,3099
18,true,retraite,2012
7,false,militaire,2012
26,true,militaire,2012
57,true,ouvrier,7614
57,false,artisant,7614
20,true,ouvrier_agricole,9663
78,true,ouvrier_batiment,9663
36,true,retraite,9663
17,true,sans_activite,9663
34,false,ouvrier,9663
38,false,commercant,6504
29,true,sans_activite,19056
39,true,commercant,19056
71,true,ecolier,19056
26,true,ouvrier_agricole,19056
4,true,ouvrier,19056
89,true,ecolier,19056
99,false,sans_activite,14898
6,false,ouvrier_batiment,14898
6,true,enseignant,14898
99,true,ouvrier_batiment,12355
17,true,ouvrier_agricole,12355
6,false,commercant,12355
93,true,employe_prive,12355
26,false,enseignant,12079
19,true,militaire,10213
30,false,agriculteur,10213
40,false,retraite,10213
10,true,militaire,10213
58,true,employe_prive,18082
98,true,ouvrier_batiment,18082
53,false,militaire,18082
37,true,artisant,14238
72,true,commercant,283
90,true,agriculteur,283
26,true,sans_activite,283
20,true,ecolier,283
54,false,ecolier,283
7,false,enseignant,9334
80,true,retraite,14018
17,false,conducteur,14018
8,true,ouvrier_batiment,14018
83,false,commercant,14018
17,true,commercant,14797
36,true,ouvrier_batiment,14797
3,true,commercant,14797
23,true,artisant,14597
52,false,commercant,7547
18,false,ouvrier_agricole,7547
13,true,ouvrier,5309
30,false,enseignant,5309
95,true,artisant,5309
69,false,artisant,5309
76,true,ouvrier_agricole,12655
18,false,artisant,12655
26,false,ouvrier_agricole,12655
98,false,militaire,18647
76,true,ouvrier,18647
15,true,ouvrier_batiment,18647
60,true,ouvrier,18647
29,false,employe_prive,18647
92,true,commercant,18647
17,false,ouvrier_batiment,6969
28,true,ouvrier_agricole,6969
85,false,retraite,12526
99,true,militaire,12526
12,false,retraite,6275
23,true,commercant,6275
53,false,artisant,4130
26,false,ouvrier,4130
52,false,militaire,4130
1,false,retraite,4130
2,false,employe_prive,4130
16,false,commercant,4130
19,true,retraite,16848
51,false,retraite,16848
74,false,commercant,18851
37,false,militaire,18851
52,false,ouvrier_agricole,18851
27,true,agriculteur,15847
75,true,artisant,15847
21,true,ouvrier_agricole,15847
64,false,ouvrier,15847
81,true,commercant,7666
93,false,ecolier,7666
65,true,employe_prive,8480
78,false,militaire,8480
80,true,agriculteur,8480
87,false,agriculteur,8480
34,false,agriculteur,8480
15,true,ouvrier_agricole,16560
0,false,enseignant,16560
67,false,militaire,16560
78,true,employe_prive,16560
20,true,militaire,16560
51,true,ouvrier_agricole,16560
52,true,sans_activite,11194
4,true,commercant,11194
80,false,sans_activite,2651
27,false,militaire,2651
78,false,conducteur,2651
32,true,conducteur,2651
76,false,ouvrier_batiment,2651
53,false,enseignant,2651
62,false,militaire,15577
62,true,agriculteur,11658
80,false,ouvrier_agricole,11658
40,true,artisant,11658
28,false,agriculteur,11658
33,true,ecolier,11658
18,false,conducteur,17530
21,true,conducteur,17530
59,false,ecolier,17530
2,true,agriculteur,17530
7,true,ouvrier_batiment,17530
86,false,retraite,6136
39,true,sans_activite,6136
27,false,employe_prive,6136
18,true,militaire,6136
17,false,enseignant,7829
20,true,enseignant,9272
26,false,commercant,9272
32,false,militaire,9272
46,false,ouvrier_agricole,9272
5,false,enseignant,9272
36,true,retraite,3554
82,true,ecolier,3554
58,true,ouvrier_batiment,3554
79,true,ouvrier_batiment,8623
30,false,employe_prive,8623
18,true,agriculteur,8623
60,false,militaire,8623
30,true,artisant,8623
79,true,employe_prive,19126
16,false,sans_activite,19126
56,true,ecolier,19126
26,false,commercant,6667
10,true,ouvrier_batiment,6667
23,false,sans_activite,6667
25,true,commercant,5601
1,true,conducteur,5601
25,false,artisant,17966
78,true,militaire,17966
80,true,ouvrier_batiment,17966
87,true,enseignant,17966
7,true,ouvrier_batiment,17966
77,true,ecolier,17966
23,true,conducteur,4871
29,true,artisant,4871
72,true,employe_prive,4871
30,false,retraite,4871
27,false,agriculteur,4871
20,true,ecolier,3847
43,false,enseignant,3847
2,true,enseignant,3847
3,false,sans_activite,3847
27,false,enseignant,3847
76,false,enseignant,19024
28,false,agriculteur,19024
100,true,enseignant,19024
49,false,ouvrier,19024
77,false,ecolier,19024
27,false,employe_prive,19024
60,false,retraite,5916
26,false,retraite,5916
53,false,agriculteur,3317
19,false,artisant,3317
21,false,conducteur,11604
34,true,artisant,11604
24,false,ouvrier_batiment,11604
64,false,agriculteur,11604
50,false,commercant,11604
34,false,retraite,3530
67,false,enseignant,3530
25,false,employe_prive,3530
71,false,enseignant,10924
62,true,enseignant,10924
19,true,ouvrier_batiment,10924
62,false,employe_prive,10924
63,true,conducteur,10924
23,false,conducteur,10924
74,false,militaire,266
79,false,employe_prive,17642
87,false,ecolier,17642
94,true,sans_activite,1186
40,false,ecolier,1186
67,true,artisant,1186
29,true,retraite,16551
88,true,commercant,9533
99,false,sans_activite,9533
22,false,enseignant,17739
19,false,agriculteur,17739
82,true,ouvrier,17739
54,false,agriculteur,17739
84,true,ecolier,17739
24,true,sans_activite,17739
17,true,conducteur,7424
92,false,employe_prive,2256
23,true,employe_prive,2256
19,false,artisant,2256
58,true,commercant,2256
75,false,ecolier,2256
65,false,ouvrier_batiment,9550
17,true,employe_prive,9550
24,false,employe_prive,9550
93,true,ouvrier,5231
78,true,sans_activite,5231
97,false,agriculteur,5231
24,true,sans_activite,5231
90,true,conducteur,985
51,true,retraite,4375
62,true,agriculteur,4375
26,true,ouvrier_batiment,4375
24,true,agriculteur,8456
39,true,ecolier,8456
82,false,ecolier,14352
17,true,agriculteur,17580
76,true,militaire,17580
5,true,retraite,17580
87,false,militaire,17580
44,false,commercant,17580
3,false,ecolier,1601
20,false,ouvrier_agricole,1601
26,true,artisant,6452
22,true,sans_activite,6452
77,false,ecolier,6452
78,true,artisant,6452
29,false,ouvrier_batiment,6452
76,false,enseignant,6452
79,false,retraite,5159
54,true,retraite,5159
74,false,ouvrier_batiment,5159
95,true,employe_prive,5159
52,false,ouvrier,5159
26,true,agriculteur,5159
93,false,ouvrier,11158
78,true,retraite,11158
76,false,ouvrier,11158
80,false,ouvrier_agricole,11158
96,false,employe_prive,11158
35,false,militaire,12578
57,true,artisant,12578
43,true,retraite,12578
57,true,sans_activite,12578
55,true,agriculteur,14123
24,true,retraite,14123
19,false,sans_activite,14123
10,true,militaire,14123
5,true,commercant,14123
4,true,conducteur,13314
53,false,ouvrier_batiment,6797
24,false,ouvrier_batiment,6797
6,false,employe_prive,6797
67,true,sans_activite,6797
24,false,ecolier,2266
24,false,ecolier,2266
27,false,retraite,2266
28,false,agriculteur,2266
19,false,conducteur,14990
21,true,employe_prive,14990
20,true,ouvrier,14990
74,false,retraite,11616
80,false,ecolier,11616
16,true,agriculteur,11616
25,true,ouvrier_agricole,11616
52,true,artisant,11616
90,false,employe_prive,11616
25,false,ouvrier,13711
62,false,agriculteur,13711
65,true,enseignant,13711
13,false,agriculteur,11650
16,true,militaire,11650
16,false,ouvrier_batiment,11650
10,false,ouvrier,11650
100,false,sans_activite,11650
26,true,commercant,10216
16,true,ouvrier_batiment,10216
76,true,conducteur,10216
79,false,conducteur,10216
60,true,militaire,10216
60,false,ouvrier_agricole,10216
79,false,employe_prive,8688
42,true,retraite,8688
19,true,commercant,6316
16,true,ouvrier_agricole,5860
28,false,sans_activite,5860
67,false,ouvrier_agricole,5860
11,true,ouvrier_batiment,5860
97,true,sans_activite,5860
71,true,agriculteur,318
36,true,sans_activite,14956
50,true,employe_prive,14956
63,false,agriculteur,5523
24,true,conducteur,5523
16,true,retraite,4632
57,false,employe_prive,4632
80,true,ouvrier_agricole,4632
25,true,enseignant,4632
52,false,ecolier,4632
47,false,ouvrier,4632
60,false,ouvrier,19004
10,false,militaire,19004
65,false,artisant,19004
34,false,retraite,19004
58,false,ouvrier,19004
49,false,enseignant,18956
16,false,ouvrier_batiment,18956
9,true,commercant,18956
28,true,militaire,18956
4,true,enseignant,13598
75,false,ouvrier_agricole,13598
77,false,enseignant,13598
23,true,sans_activite,5373
21,false,retraite,5373
61,true,enseignant,5373
46,false,artisant,5373
51,true,enseignant,5373
44,false,ouvrier,5373
23,false,militaire,6431
76,true,artisant,6431
29,true,retraite,6431
21,true,conducteur,6431
59,false,conducteur,16581
49,true,militaire,16581
76,true,conducteur,3027
75,true,ouvrier_batiment,3027
79,false,militaire,3027
28,false,ecolier,3027
14,false,agriculteur,14517
80,false,commercant,14517
34,false,commercant,14517
68,true,ouvrier_batiment,14517
19,true,conducteur,11692
42,true,agriculteur,11692
51,false,ecolier,11692
85,true,ouvrier,11692
76,true,artisant,11692
60,true,ouvrier_batiment,18211
11,false,ouvrier,18211
54,true,commercant,18211
76,true,ouvrier_agricole,18211
64,true,agriculteur,18211
54,false,ecolier,4513
66,true,enseignant,4513
23,true,enseignant,8329
25,true,commercant,8329
94,true,commercant,8329
66,false,ouvrier,8329
78,false,commercant,8329
50,false,ouvrier_batiment,3717
57,false,agriculteur,3717
67,true,retraite,3717
59,true,agriculteur,3717
24,true,employe_prive,3717
100,true,commercant,3311
21,false,ouvrier,3311
25,false,artisant,3311
99,true,militaire,3311
59,false,ouvrier_agricole,3311
30,true,agriculteur,12255
27,false,retraite,12255
71,true,agriculteur,17148
80,true,employe_prive,17148
26,false,ouvrier_batiment,17148
43,true,ecolier,17148
23,true,ouvrier_agricole,15228
26,true,employe_prive,15228
48,false,ecolier,16955
91,false,militaire,16955
100,false,sans_activite,16955
78,false,enseignant,16955
78,true,ouvrier,5854
8,true,commercant,5854
21,true,sans_activite,5854
30,false,militaire,5854
60,false,ouvrier_batiment,5854
26,false,enseignant,5854
77,false,commercant,4739
51,true,ecolier,4739
34,true,conducteur,144
60,true,retraite,144
76,false,sans_activite,144
27,false,ecolier,144
33,true,conducteur,144
1,true,sans_activite,6236
52,false,sans_activite,6236
79,true,conducteur,6236
93,false,conducteur,6236
94,false,ecolier,4404
19,false,retraite,4404
58,false,employe_prive,4404
72,false,ouvrier,9655
16,false,agriculteur,9655
19,true,ouvrier_batiment,9655
69,false,militaire,9655
16,true,ouvrier_batiment,9655
84,false,retraite,9655
74,true,retraite,16912
18,true,ouvrier,16912
22,false,ouvrier_batiment,16912
9,true,militaire,214
16,true,employe_prive,214
56,false,ouvrier,214
56,false,ouvrier_agricole,15569
53,true,conducteur,15569
50,false,conducteur,15569
80,true,sans_activite,15569
80,false,ouvrier,15569
60,true,enseignant,15569
79,false,agriculteur,16702
27,false,ecolier,16702
75,true,commercant,11071
60,true,sans_activite,7486
23,true,commercant,7486
17,false,artisant,5786
27,true,retraite,5786
26,false,militaire,3469
100,true,conducteur,3469
70,false,agriculteur,3469
0,true,enseignant,3469
22,false,sans_activite,3469
72,true,artisant,3469
80,false,agriculteur,8641
28,false,employe_prive,8641
79,true,employe_prive,7907
70,false,militaire,18340
29,false,conducteur,18340
27,false,employe_prive,18340
91,true,sans_activite,18340
26,true,ouvrier_batiment,18340
61,true,agriculteur,12286
45,true,ouvrier_batiment,12286
57,false,enseignant,12286
28,true,ouvrier,12286
51,true,ouvrier,12286
88,false,commercant,16547
24,false,conducteur,16547
20,false,retraite,16547
21,true,commercant,17927
73,true,ecolier,17927
77,false,employe_prive,17927
11,false,conducteur,6760
78,false,artisant,6760
30,false,enseignant,6760
80,true,ecolier,17981
3,false,agriculteur,17981
60,true,employe_prive,17981
77,false,enseignant,17981
18,true,artisant,6335
19,false,ouvrier_batiment,6335
62,true,employe_prive,6335
79,false,sans_activite,15975
29,false,retraite,15975
40,false,commercant,15975
59,false,retraite,15975
30,true,commercant,15975
53,true,ouvrier_batiment,15975
38,false,ecolier,18328
75,true,retraite,18328
48,true,ouvrier_batiment,18328
61,false,ouvrier_agricole,18328
52,true,ouvrier_batiment,18328
36,true,commercant,18328
59,false,ouvrier,12043
17,true,agriculteur,12043
16,false,militaire,12043
52,true,artisant,12043
80,true,militaire,12043
3,false,employe_prive,12043
16,false,artisant,18278
4,false,conducteur,18278
34,true,militaire,18278
15,true,commercant,1848
92,true,employe_prive,15938
65,false,commercant,15938
21,false,agriculteur,15938
89,true,ouvrier_agricole,15938
9,true,employe_prive,15938
90,true,ouvrier_batiment,15938
19,true,commercant,13307
36,false,ecolier,13307
62,true,ouvrier_agricole,13307
98,false,ouvrier_agricole,13307
14,false,artisant,13307
38,true,ouvrier_batiment,13307
46,false,sans_activite,18964
25,false,agriculteur,18964
66,false,ouvrier,11846
24,false,ouvrier_batiment,5510
20,false,artisant,5510
20,false,sans_activite,5510
18,false,ouvrier_batiment,5510
58,false,militaire,5510
7,false,ecolier,10963
54,false,commercant,10963
27,true,sans_activite,10963
80,false,ecolier,10963
85,false,sans_activite,14798
27,true,conducteur,14798
23,true,agriculteur,14798
91,false,employe_prive,14798
18,true,militaire,14798
49,true,conducteur,15844
90,true,sans_activite,15844
86,false,agriculteur,14330
72,false,conducteur,14330
58,true,conducteur,14330
30,false,conducteur,14330
19,true,ouvrier,1988
28,true,enseignant,1988
71,true,ecolier,1988
1,false,conducteur,7830
62,true,artisant,7830
66,false,enseignant,7830
12,false,sans_activite,7830
65,false,ouvrier,9673
76,false,ecolier,9673
8,false,employe_prive,9673
30,false,ouvrier,9673
29,true,conducteur,4310
23,false,agriculteur,13872
5,true,ecolier,13872
43,false,ouvrier_agricole,13872
89,true,ouvrier_agricole,13872
33,false,ouvrier_batiment,13872
52,true,artisant,13872
70,false,militaire,8201
70,false,sans_activite,8201
52,false,ouvrier_batiment,8201
34,true,enseignant,8201
63,true,militaire,8201
20,true,ouvrier_agricole,8201
79,true,ouvrier,545
60,false,ouvrier_agricole,545
34,false,agriculteur,545
61,true,militaire,545
87,true,ouvrier_agricole,545
17,false,agriculteur,545
87,true,retraite,19217
28,false,agriculteur,19217
96,false,ouvrier_batiment,19217
24,true,ouvrier_batiment,19217
84,true,ecolier,2221
76,false,agriculteur,2221
42,false,ouvrier,2221
41,true,artisant,2221
16,false,ouvrier_batiment,2221
27,false,ouvrier,2221
23,false,ouvrier,9934
31,false,enseignant,9934
74,false,conducteur,9934
56,false,agriculteur,9934
76,false,enseignant,9934
80,false,commercant,9934
15,false,agriculteur,5076
91,false,ouvrier_batiment,5076
75,true,commercant,5076
60,true,agriculteur,12943
26,true,agriculteur,12943
66,false,ouvrier_batiment,12943
27,true,ouvrier_agricole,12943
21,false,ouvrier_batiment,13817
9,true,sans_activite,13817
60,true,ouvrier_agricole,13817
19,true,enseignant,13817
25,true,ouvrier_agricole,13817
64,true,sans_activite,4981
56,false,militaire,4981
27,true,retraite,4981
24,true,agriculteur,4981
14,true,sans_activite,4981
75,true,artisant,4981
43,true,ouvrier,13289
80,false,ecolier,13289
72,false,ouvrier_agricole,13289
95,false,ecolier,13289
80,true,employe_prive,13289
79,false,agriculteur,13289
3,false,commercant,17959
5,true,militaire,17959
33,false,sans_activite,17959
18,true,militaire,17959
56,true,militaire,366
18,false,enseignant,366
59,false,ouvrier,366
52,false,agriculteur,366
25,false,conducteur,1452
29,false,artisant,1452
70,true,employe_prive,1452
76,true,enseignant,1452
74,false,ouvrier,1452
20,false,employe_prive,7719
79,true,ouvrier_batiment,7719
15,false,sans_activite,7719
23,true,ouvrier_batiment,7719
77,false,ouvrier_batiment,7719
28,true,militaire,7719
19,false,agriculteur,2844
19,true,ouvrier_agricole,2844
29,true,ecolier,10698
77,true,ouvrier_agricole,10698
11,true,enseignant,10698
90,true,agriculteur,10698
16,false,retraite,14135
100,false,commercant,14135
26,false,ouvrier_agricole,12538
9,false,enseignant,12538
26,true,ecolier,14660
7,false,agriculteur,5697
14,true,artisant,5697
30,false,ecolier,5697
37,false,enseignant,5697
44,true,commercant,5697
44,false,conducteur,5697
19,false,ecolier,15490
2,false,commercant,15490
18,false,ecolier,12716
99,true,conducteur,12716
62,true,artisant,12716
48,true,conducteur,12716
81,true,ouvrier,12716
71,false,employe_prive,12716
20,true,conducteur,3697
60,true,conducteur,3697
29,false,retraite,3697
18,true,ouvrier_agricole,3697
24,false,ouvrier_batiment,3697
36,true,ouvrier,5720
16,true,ouvrier_agricole,5720
27,true,militaire,5720
3,true,ouvrier_agricole,5720
39,true,employe_prive,5720
70,true,agriculteur,5720
24,true,employe_prive,8953
28,false,conducteur,8305
75,false,artisant,8305
22,true,ouvrier_batiment,10820
36,true,militaire,10820
20,true,sans_activite,10820
41,true,commercant,10820
31,true,ouvrier,10820
92,true,sans_activite,10820
78,false,artisant,13476
54,true,agriculteur,9927
54,false,ouvrier_batiment,9927
65,true,agriculteur,9927
72,false,commercant,9927
27,false,sans_activite,9927
22,false,ecolier,16263
0,false,enseignant,16263
56,true,conducteur,16263
56,true,enseignant,16263
74,false,ouvrier,16263
10,false,artisant,16263
10,true,agriculteur,14566
70,true,conducteur,14566
85,false,agriculteur,14566
22,false,ouvrier_batiment,4015
28,true,ecolier,4015
27,true,ecolier,14967
99,true,conducteur,452
21,true,commercant,452
79,true,commercant,452
19,false,enseignant,5972
80,true,ouvrier_agricole,5972
4,true,conducteur,5972
80,false,conducteur,5972
21,true,agriculteur,5972
16,true,employe_prive,10941
97,false,ouvrier_agricole,10941
97,false,commercant,12164
92,false,artisant,12164
16,false,ouvrier_batiment,12164
65,false,enseignant,12164
71,true,ouvrier,12164
81,true,enseignant,12164
25,true,ouvrier_agricole,16554
94,false,employe_prive,16554
80,true,militaire,16554
55,false,commercant,9464
78,true,ouvrier_agricole,9946
28,true,enseignant,15062
35,false,militaire,15062
95,false,sans_activite,15062
48,true,employe_prive,15062
74,false,sans_activite,7669
70,false,artisant,4401
12,false,ecolier,4401
57,true,militaire,14805
90,true,artisant,14805
77,true,agriculteur,14805
55,true,ouvrier,10198
80,true,commercant,10198
72,false,commercant,12204
24,true,artisant,12204
34,true,militaire,12204
64,true,agriculteur,12204
33,false,retraite,12204
23,true,ouvrier_batiment,3011
1,false,ecolier,3011
36,true,ouvrier_agricole,290
72,true,sans_activite,290
21,false,ecolier,290
97,true,ecolier,290
30,false,artisant,290
27,true,retraite,290
54,true,retraite,14081
94,false,ouvrier_batiment,14081
18,true,ouvrier_agricole,14081
22,false,sans_activite,14081
38,false,ouvrier_batiment,14081
81,true,ouvrier_batiment,14081
23,false,agriculteur,11281
25,true,militaire,11281
73,true,ouvrier,11281
20,true,militaire,11281
26,false,sans_activite,11281
54,false,militaire,11281
21,true,sans_activite,2890
26,true,sans_activite,2890
99,false,commercant,3551
62,true,ouvrier_batiment,3551
7,false,agriculteur,3551
69,true,employe_prive,3551
30,false,conducteur,3551
17,true,conducteur,3551
33,false,militaire,9724
67,false,ouvrier,9724
7,false,ouvrier_batiment,9724
61,true,enseignant,9724
24,false,ecolier,2379
21,true,enseignant,2379
5,true,artisant,7133
29,true,agriculteur,16230
56,true,employe_prive,18974
30,false,ecolier,18613
95,true,ouvrier_batiment,18613
3,false,enseignant,18613
92,true,ouvrier_batiment,18613
92,false,ouvrier_agricole,18613
78,false,employe_prive,18613
94,false,ecolier,19295
51,true,militaire,19295
79,false,retraite,19295
16,true,employe_prive,19295
27,false,enseignant,19295
56,true,ecolier,19295
40,false,retraite,3792
69,false,militaire,3792
28,false,retraite,3792
77,false,conducteur,3792
75,false,enseignant,3792
55,false,militaire,11230
85,false,ouvrier_batiment,11230
51,false,ecolier,11230
16,true,militaire,11230
20,false,conducteur,11230
25,true,ouvrier,5145
83,true,employe_prive,4768
54,false,ecolier,4768
55,true,ecolier,4768
41,true,ouvrier_agricole,4768
55,false,conducteur,4768
74,false,artisant,3215
54,true,agriculteur,3215
38,true,ouvrier,3215
28,true,enseignant,3215
8,false,enseignant,3215
47,true,ecolier,3215
23,true,employe_prive,3127
20,true,sans_activite,3127
69,true,sans_activite,3127
28,false,artisant,3127
89,false,artisant,19654
69,true,militaire,19654
89,false,enseignant,19654
80,true,ecolier,19654
21,false,sans_activite,19654
41,true,agriculteur,4812
25,true,agriculteur,4789
46,true,ouvrier_batiment,10200
25,true,ouvrier,10200
89,false,commercant,10200
94,true,ouvrier_agricole,19330
80,false,sans_activite,19330
89,true,artisant,19330
3,true,agriculteur,19330
78,false,artisant,19330
39,false,commercant,15685
87,true,retraite,15685
76,false,agriculteur,19836
30,false,ouvrier_agricole,19836
3,false,enseignant,19836
32,false,ouvrier_batiment,15625
88,true,commercant,15625
45,false,conducteur,15625
97,true,artisant,15625
25,false,retraite,15625
79,true,agriculteur,15625
26,false,ecolier,11125
9,false,conducteur,11125
76,false,agriculteur,19955
79,false,ouvrier_agricole,19955
19,false,enseignant,19955
20,false,ecolier,3429
99,false,conducteur,3429
79,true,conducteur,3429
77,true,employe_prive,3429
76,false,ecolier,10058
34,false,ouvrier_batiment,2897
25,true,ouvrier_batiment,2897
92,false,sans_activite,2897
71,false,agriculteur,2897
54,false,ecolier,2897
2,true,artisant,4039
80,true,ouvrier_batiment,4039
66,true,militaire,4039
93,true,retraite,4039
28,true,artisant,1743
25,false,sans_activite,1743
60,false,commercant,1743
71,true,ouvrier,1743
98,true,sans_activite,1743
14,false,agriculteur,1743
90,true,enseignant,13789
22,true,ouvrier,13789
22,true,ouvrier,13789
26,false,ouvrier,13789
27,false,ecolier,13789
22,false,agriculteur,9181
44,true,retraite,509
44,false,militaire,509
69,true,agriculteur,509
94,false,sans_activite,509
1,true,ouvrier_batiment,509
24,true,ouvrier_agricole,12418
87,false,retraite,12418
97,false,artisant,12418
4,false,retraite,12418
77,true,ouvrier_agricole,8215
58,false,commercant,8215
47,true,artisant,8215
78,true,employe_prive,2247
16,false,conducteur,2247
25,true,artisant,2247
59,true,sans_activite,2247
77,true,conducteur,2247
37,true,employe_prive,2247
9,false,retraite,17401
52,false,conducteur,17401
33,true,commercant,17401
95,false,sans_activite,5049
27,true,retraite,5470
28,false,commercant,13376
28,true,enseignant,13376
99,false,ouvrier,13376
27,false,ecolier,13376
24,true,ouvrier_batiment,13376
6,false,conducteur,13376
100,false,agriculteur,18828
76,false,sans_activite,18828
61,false,sans_activite,18828
76,false,artisant,18828
85,false,enseignant,18828
17,true,militaire,12227
25,true,ecolier,12227
17,false,retraite,12227
60,false,ouvrier,12227
26,false,agriculteur,361
69,false,sans_activite,361
59,false,ouvrier_agricole,11736
70,true,ouvrier_agricole,11736
74,false,retraite,11736
16,false,ouvrier_batiment,11736
7,true,ouvrier_batiment,5568
25,false,ouvrier_agricole,18895
20,true,sans_activite,18895
21,true,militaire,18895
56,true,artisant,18895
24,true,ecolier,18895
80,false,ecolier,19235
23,true,ecolier,19235
91,true,ouvrier_agricole,19235
21,false,conducteur,19235
78,false,artisant,19235
79,false,ouvrier_agricole,19235
14,false,ouvrier_batiment,1081
88,false,conducteur,1081
95,true,ouvrier_agricole,1081
72,true,ouvrier_batiment,1081
77,false,retraite,1081
44,false,commercant,1081
14,true,conducteur,10295
44,true,conducteur,10295
28,true,ouvrier_batiment,10295
79,false,retraite,10295
87,false,ouvrier_batiment,10295
45,false,militaire,579
54,true,ouvrier_batiment,579
96,false,ecolier,4724
32,true,employe_prive,4724
78,false,ouvrier,15006
47,true,sans_activite,15006
12,true,artisant,15006
79,false,ouvrier_agricole,15006
80,true,retraite,15006
49,true,sans_activite,15006
17,false,sans_activite,9090
94,true,retraite,9090
25,true,agriculteur,9090
10,true,militaire,555
64,false,enseignant,555
28,true,ecolier,555
69,false,ouvrier_batiment,555
88,false,commercant,555
18,true,ouvrier_agricole,3615
20,false,ecolier,3615
29,false,employe_prive,7873
21,true,commercant,7873
59,true,artisant,7873
87,true,agriculteur,7873
30,true,enseignant,7873
89,false,employe_prive,7873
29,false,ouvrier,4384
17,true,conducteur,4384
40,false,ouvrier,4384
47,false,ouvrier,18240
51,true,enseignant,18240
55,false,ouvrier,18240
5,false,ecolier,18240
62,true,conducteur,18240
17,true,ouvrier_batiment,6958
93,true,conducteur,6958
72,true,militaire,5169
34,false,conducteur,5169
85,true,conducteur,5169
34,true,artisant,5169
8,true,ouvrier,5169
18,false,employe_prive,3583
50,true,sans_activite,3583
28,false,commercant,3583
0,true,militaire,3583
97,false,ecolier,19155
20,true,agriculteur,19155
67,false,ouvrier_agricole,19155
38,true,artisant,5818
27,true,ouvrier,5818
73,true,sans_activite,16356
78,false,agriculteur,16356
27,true,ouvrier_batiment,16356
61,false,ouvrier_agricole,16356
37,false,ecolier,16356
16,true,ouvrier_batiment,16356
49,true,militaire,18224
51,false,ecolier,14267
79,true,enseignant,14267
90,false,militaire,14267
73,true,enseignant,14267
31,false,ouvrier_batiment,19655
82,false,ouvrier,19655
46,false,agriculteur,19655
28,false,employe_prive,9969
9,false,ouvrier_agricole,12617
68,false,militaire,12617
26,true,commercant,12617
20,true,employe_prive,12617
25,false,militaire,7639
34,true,employe_prive,7639
50,false,enseignant,7639
77,false,commercant,7639
66,true,sans_activite,7639
52,false,conducteur,7639
68,false,retraite,5162
76,true,ouvrier_batiment,5162
12,false,commercant,14623
96,true,sans_activite,14623
25,false,ouvrier_agricole,14623
26,false,retraite,14623
20,true,sans_activite,14623
51,true,commercant,17953
78,false,conducteur,17953
27,true,retraite,2297
85,false,artisant,2297
43,false,sans_activite,2297
8,true,enseignant,2297
66,true,conducteur,9077
60,true,commercant,9077
41,true,artisant,9077
80,true,conducteur,5796
4,true,employe_prive,5796
45,true,militaire,5796
67,false,sans_activite,5796
76,true,enseignant,3477
16,true,agriculteur,7095
17,false,sans_activite,7095
18,true,agriculteur,7095
41,false,agriculteur,7095
29,true,agriculteur,4227
27,false,ouvrier_batiment,77
59,false,sans_activite,77
100,false,artisant,77
49,false,sans_activite,77
32,false,retraite,77
80,false,ouvrier,77
28,true,sans_activite,10160
17,true,ouvrier_agricole,10160
28,false,agriculteur,10160
21,true,retraite,10160
30,false,employe_prive,14845
63,false,militaire,14845
8,true,ecolier,14845
6,false,militaire,14845
25,false,ouvrier_batiment,14168
76,false,artisant,7019
62,false,employe_prive,18945
14,true,enseignant,18945
31,true,militaire,18945
83,true,employe_prive,18945
55,false,ouvrier_agricole,18323
86,true,retraite,14091
34,false,sans_activite,1099
22,false,enseignant,1099
77,false,conducteur,2089
44,false,ouvrier,12754
2,false,sans_activite,12754
26,true,sans_activite,12754
59,false,ouvrier_agricole,18175
89,true,sans_activite,18175
87,false,employe_prive,18175
100,true,agriculteur,344
68,false,artisant,344
76,false,ouvrier,1076
33,true,sans_activite,10363
12,false,ecolier,10363
17,false,commercant,13010
65,false,militaire,13010
1,true,agriculteur,13010
80,false,ouvrier_batiment,13010
55,false,commercant,13010
66,false,sans_activite,10666
27,false,retraite,2298
4,true,commercant,2298
25,true,militaire,2298
96,true,artisant,2298
63,true,agriculteur,2298
26,true,sans_activite,3796
87,false,conducteur,3796
7,false,commercant,3796
59,true,artisant,3796
84,false,commercant,3796
39,false,ouvrier_agricole,17527
81,true,agriculteur,13247
37,false,ouvrier,13247
54,true,agriculteur,13247
55,true,sans_activite,13247
68,false,ecolier,13247
25,true,ouvrier_agricole,13247
18,false,retraite,15741
80,false,artisant,15741
65,false,enseignant,12162
66,false,ouvrier_agricole,12162
20,false,militaire,12162
85,false,enseignant,12162
19,true,commercant,12162
18,true,ouvrier_agricole,12162
19,true,ouvrier_agricole,1773
94,true,agriculteur,1773
66,true,conducteur,1773
27,false,artisant,1773
80,true,ecolier,1773
60,false,commercant,1773
77,true,ecolier,13765
96,false,enseignant,13765
24,false,ouvrier,13765
54,false,employe_prive,6624
79,false,ouvrier,6624
94,true,ouvrier,14014
40,false,enseignant,14014
19,true,agriculteur,14014
0,false,enseignant,14014
20,false,ecolier,14014
99,true,militaire,2442
20,false,artisant,2442
71,true,ouvrier,2442
23,true,enseignant,2442
88,true,retraite,2442
83,true,retraite,14767
77,true,conducteur,19870
30,true,enseignant,4226
17,true,ouvrier,4226
43,false,ecolier,4226
5,false,agriculteur,4226
28,true,militaire,10545
26,false,ouvrier_agricole,10545
88,false,commercant,10545
5,true,enseignant,10545
65,true,enseignant,10545
34,true,militaire,10545
61,false,sans_activite,7515
87,true,ecolier,7515
98,false,conducteur,2805
27,false,enseignant,2805
29,false,agriculteur,2462
58,true,militaire,2462
71,true,enseignant,2462
77,false,retraite,2587
16,false,conducteur,2587
76,false,agriculteur,2587
18,false,militaire,2587
93,true,enseignant,2587
100,true,ecolier,2587
24,false,employe_prive,9190
51,false,ouvrier_batiment,9190
17,true,commercant,15007
53,false,agriculteur,15007
18,false,artisant,11660
70,true,ouvrier,11660
78,true,employe_prive,11660
77,true,enseignant,11660
57,true,ecolier,11660
18,false,sans_activite,18305
28,true,agriculteur,13688
20,false,agriculteur,13688
62,false,militaire,13688
19,false,retraite,13688
57,false,sans_activite,13688
50,true,conducteur,13688
11,false,employe_prive,6968
78,true,conducteur,6968
18,true,commercant,6968
55,true,ouvrier,6968
27,false,retraite,4497
11,false,ouvrier_batiment,4497
17,false,ecolier,4497
33,true,ouvrier,4497
21,false,ouvrier_agricole,4497
18,false,ouvrier_agricole,12694
80,true,conducteur,12694
98,true,ouvrier_agricole,12694
14,false,ouvrier_agricole,12694
21,false,ouvrier,5322
13,true,militaire,5322
60,true,enseignant,5322
40,true,artisant,5322
6,true,ouvrier_batiment,5322
94,true,artisant,5322
75,false,employe_prive,15004
91,false,artisant,15004
53,true,retraite,15004
29,true,employe_prive,15004
21,false,sans_activite,15004
37,false,conducteur,15004
13,false,ouvrier_batiment,8938
22,true,ouvrier_agricole,8938
26,true,ouvrier_agricole,8938
58,true,ecolier,8938
23,false,ecolier,8938
22,true,ouvrier_batiment,1536
60,true,ouvrier_agricole,9842
85,false,enseignant,9842
56,false,ouvrier_batiment,15682
80,true,retraite,15682
13,true,artisant,15682
29,false,militaire,15682
37,true,ouvrier_agricole,1080
26,false,ecolier,1080
70,true,retraite,1080
19,false,agriculteur,1080
22,true,employe_prive,1080
57,false,sans_activite,5426
51,true,militaire,5426
28,false,ouvrier,5426
51,false,ecolier,14388
3,false,ouvrier,14388
21,false,militaire,3781
18,true,conducteur,3781
76,false,commercant,3781
28,true,retraite,3781
62,true,militaire,3781
94,false,sans_activite,3781
56,true,conducteur,13190
4,true,ouvrier,13190
25,false,ouvrier_batiment,13190
24,true,ouvrier_agricole,1591
27,true,ouvrier_batiment,1591
19,false,employe_prive,1591
76,false,sans_activite,15507
28,true,agriculteur,15507
21,true,employe_prive,15507
13,true,conducteur,19660
92,true,conducteur,19660
77,true,sans_activite,19660
16,false,enseignant,19660
29,true,enseignant,19660
27,false,enseignant,19660
26,true,ouvrier_batiment,12505
24,true,agriculteur,12505
54,true,militaire,802
19,true,enseignant,802
29,true,ecolier,802
98,false,sans_activite,802
43,true,enseignant,802
29,false,ecolier,802
78,true,employe_prive,18802
1,true,ouvrier_agricole,18802
19,true,conducteur,18802
52,true,ecolier,18802
21,false,agriculteur,18802
64,true,agriculteur,831
61,false,ouvrier,831
85,true,commercant,831
23,true,ouvrier,831
55,false,conducteur,831
52,false,artisant,14625
11,false,employe_prive,14625
98,false,ouvrier_agricole,3970
30,false,retraite,3970
54,false,conducteur,3970
52,true,conducteur,3970
97,true,artisant,18160
87,false,agriculteur,18160
44,false,conducteur,18160
59,true,agriculteur,18160
26,true,employe_prive,18160
83,false,ouvrier_agricole,2214
76,true,commercant,2214
53,true,agriculteur,2214
29,true,commercant,2214
26,true,conducteur,5726
28,true,artisant,5726
76,false,retraite,5726
8,true,commercant,5726
17,true,retraite,5726
14,false,agriculteur,5440
14,false,conducteur,2459
72,true,retraite,2459
81,false,militaire,2459
55,false,artisant,2459
50,false,sans_activite,14647
59,true,militaire,14124
7,true,agriculteur,14124
34,true,employe_prive,6238
22,false,ouvrier_agricole,6238
11,true,agriculteur,6238
58,true,ecolier,6238
27,false,retraite,6475
55,false,ecolier,6475
75,true,retraite,6475
18,false,employe_prive,6475
0,true,ouvrier_batiment,6475
80,true,commercant,19816
8,true,ouvrier_batiment,19816
24,true,sans_activite,19816
2,false,ouvrier_batiment,19816
93,true,agriculteur,15964
40,true,conducteur,15964
8,false,commercant,15964
15,false,ouvrier_batiment,15964
54,false,employe_prive,15964
24,true,ouvrier_agricole,9070
30,true,ouvrier_batiment,1820
28,false,employe_prive,17195
14,false,commercant,17195
63,false,ecolier,17195
21,true,enseignant,17195
78,true,militaire,17195
10,true,sans_activite,7846
56,true,ecolier,7846
78,true,employe_prive,7846
61,true,conducteur,7846
70,false,retraite,7846
18,false,sans_activite,7846
29,true,agriculteur,7841
52,true,enseignant,7841
3,false,agriculteur,7841
20,false,ouvrier,7841
26,true,ecolier,13343
28,false,conducteur,13343
28,true,ecolier,13343
0,false,commercant,13343
53,false,conducteur,13343
10,true,ecolier,13343
27,false,retraite,4676
23,true,ecolier,18183
60,false,ouvrier,18183
79,false,ouvrier_agricole,18183
30,true,commercant,18183
0,false,ouvrier_agricole,3150
80,false,ouvrier_agricole,3150
46,false,ouvrier,3150
19,false,sans_activite,3150
25,true,agriculteur,3150
10,false,retraite,18541
51,true,sans_activite,18541
21,false,ouvrier_agricole,18541
25,true,ouvrier,18541
86,true,militaire,16216
78,false,retraite,16216
57,true,commercant,16216
75,true,retraite,16216
18,false,conducteur,16216
68,false,agriculteur,10608
77,false,employe_prive,10608
47,true,enseignant,10608
3,false,conducteur,10608
55,true,artisant,8452
75,false,employe_prive,8452
81,true,retraite,3465
78,false,ouvrier,3465
26,true,ecolier,3465
34,false,artisant,3465
80,false,enseignant,3465
79,true,conducteur,8423
21,true,ecolier,1769
36,false,ouvrier,1769
66,true,ouvrier,1769
53,true,conducteur,3452
22,true,militaire,3452
25,true,employe_prive,3452
32,false,ouvrier_agricole,11291
60,false,commercant,11291
26,false,commercant,11291
42,false,enseignant,8401
33,false,employe_prive,8401
41,false,ouvrier_agricole,8401
24,true,commercant,8401
12,true,ouvrier,16759
23,true,employe_prive,4987
26,false,agriculteur,4987
94,false,sans_activite,4987
53,true,conducteur,16496
13,false,ouvrier_agricole,16496
51,true,ouvrier,16496
2,true,enseignant,16496
27,true,conducteur,16496
26,true,enseignant,16496
16,true,ecolier,10539
79,true,ecolier,10539
10,false,militaire,10539
69,true,artisant,11652
22,true,sans_activite,11652
76,true,commercant,11652
17,false,sans_activite,11652
91,true,artisant,11652
21,true,retraite,11652
76,false,ecolier,1687
16,false,sans_activite,1687
58,true,ouvrier,1687
76,true,commercant,1687
30,false,ouvrier,1687
30,true,ouvrier_batiment,16977
80,false,employe_prive,16977
5,false,employe_prive,16977
79,true,militaire,15231
52,false,ouvrier_batiment,15231
10,false,agriculteur,16420
68,true,agriculteur,16420
22,true,militaire,16420
80,false,ouvrier_batiment,16420
70,true,employe_prive,18414
78,false,artisant,18414
21,false,ouvrier_batiment,18414
21,true,sans_activite,5748
27,true,artisant,5748
30,false,enseignant,16627
21,true,commercant,5965
48,true,ecolier,5965
6,false,agriculteur,5965
78,false,conducteur,5965
56,true,employe_prive,5965
22,true,enseignant,18158
26,true,agriculteur,18158
36,true,enseignant,18158
46,true,retraite,13959
55,true,commercant,13959
72,false,agriculteur,12210
51,true,commercant,12210
76,true,ouvrier_agricole,12210
86,false,ouvrier_batiment,12210
28,true,militaire,9230
60,false,ouvrier,9230
19,true,enseignant,9230
51,false,retraite,9230
10,true,retraite,9230
29,false,sans_activite,9230
13,true,sans_activite,18810
28,true,militaire,18810
28,false,ecolier,18810
22,true,retraite,18810
56,true,ouvrier_agricole,13031
84,false,retraite,13031
25,false,ecolier,6298
16,true,conducteur,6298
20,true,retraite,6298
33,false,enseignant,6298
24,true,artisant,4007
20,true,ouvrier_agricole,4007
83,true,conducteur,13234
95,false,ouvrier_agricole,13234
99,true,enseignant,13234
25,true,employe_prive,1696
69,false,sans_activite,1696
95,true,conducteur,1696
27,false,enseignant,511
28,true,commercant,511
2,true,enseignant,511
77,true,ouvrier_batiment,511
43,false,enseignant,511
26,false,retraite,511
0,true,militaire,4491
16,false,sans_activite,19806
51,true,ouvrier,19806
57,true,ouvrier_batiment,19806
60,true,ecolier,19806
63,true,retraite,19806
90,true,retraite,2694
19,false,retraite,2694
1,false,ouvrier_agricole,2694
63,true,ouvrier_agricole,2694
88,true,retraite,2694
57,true,employe_prive,338
8,true,agriculteur,338
23,true,employe_prive,338
19,true,agriculteur,13756
90,false,ouvrier,15968
80,false,militaire,15968
20,true,employe_prive,15968
73,true,retraite,15968
58,false,ouvrier,19719
89,true,commercant,19719
83,true,retraite,19719
86,true,militaire,14522
61,false,ouvrier_agricole,14522
80,true,artisant,14522
26,true,employe_prive,18325
23,false,retraite,18325
56,true,ouvrier_agricole,7015
16,false,militaire,7015
23,false,agriculteur,7015
53,false,ouvrier_agricole,13621
21,true,conducteur,13621
19,false,ouvrier_agricole,13621
12,true,sans_activite,8177
43,false,ouvrier,1933
25,false,militaire,1933
72,true,employe_prive,1933
69,true,retraite,2118
7,false,artisant,2118
29,true,commercant,2118
39,false,ouvrier_agricole,2118
70,true,sans_activite,2118
37,false,sans_activite,2118
8,true,commercant,8633
16,false,ouvrier_agricole,8633
69,true,ouvrier,8633
63,false,employe_prive,8633
98,true,ouvrier_agricole,8633
71,false,employe_prive,17184
99,false,ecolier,17184
58,false,enseignant,2234
72,true,conducteur,2234
35,true,sans_activite,2234
92,false,sans_activite,2234
88,false,conducteur,2234
23,true,commercant,2234
95,true,sans_activite,14960
10,true,sans_activite,18644
55,true,ecolier,18644
20,false,enseignant,18644
18,true,commercant,18644
32,false,artisant,18644
69,false,agriculteur,18644
28,false,ecolier,16737
64,true,enseignant,16737
79,true,ecolier,16737
26,false,conducteur,16737
4,false,militaire,16737
30,false,sans_activite,7256
55,false,ouvrier_batiment,14038
72,false,commercant,14038
33,true,employe_prive,3075
95,false,agriculteur,3075
43,false,agriculteur,3075
22,true,retraite,3075
77,false,commercant,3075
71,true,employe_prive,3075
25,false,conducteur,15260
25,true,conducteur,15260
76,false,employe_prive,15260
17,false,ouvrier,15260
83,false,militaire,15260
23,true,commercant,15260
76,false,conducteur,3126
80,true,ouvrier_batiment,3126
13,true,agriculteur,3126
9,true,sans_activite,3126
80,false,ouvrier,8057
71,false,agriculteur,8057
52,false,commercant,8057
40,false,retraite,8057
56,false,sans_activite,8057
12,false,sans_activite,8057
0,true,enseignant,12741
80,false,agriculteur,2645
3,true,employe_prive,2645
75,true,ouvrier_agricole,2645
14,false,militaire,2645
64,true,retraite,2645
81,true,employe_prive,2645
92,false,militaire,12435
30,true,ouvrier_batiment,12435
5,true,ecolier,12435
30,false,artisant,812
28,true,enseignant,812
24,false,employe_prive,812
27,false,enseignant,4451
24,true,artisant,4451
20,false,conducteur,4451
78,false,militaire,4451
78,false,agriculteur,4451
27,false,agriculteur,4451
78,true,agriculteur,5962
20,false,artisant,5962
73,false,conducteur,5962
76,false,ouvrier_batiment,5962
17,false,employe_prive,5962
60,false,agriculteur,5962
26,true,sans_activite,10048
98,false,sans_activite,10048
10,false,retraite,10048
11,true,commercant,10048
90,false,commercant,10048
89,true,ouvrier_agricole,8105
63,true,ouvrier,8105
30,true,ouvrier_batiment,8105
72,false,sans_activite,8105
53,true,ecolier,8105
79,false,ouvrier_batiment,8105
24,false,retraite,16883
25,false,commercant,16883
79,false,retraite,16883
22,true,sans_activite,16883
80,false,employe_prive,16883
18,false,ouvrier,16883
30,false,employe_prive,6650
52,false,sans_activite,6650
53,false,sans_activite,3259
4,true,ecolier,3259
31,true,employe_prive,3259
52,false,conducteur,3259
58,true,militaire,11254
15,false,militaire,11254
7,true,ouvrier_batiment,11254
46,true,ouvrier_agricole,11254
81,false,artisant,14431
29,true,militaire,14431
17,true,ouvrier_agricole,14431
63,true,conducteur,14431
88,true,conducteur,16539
68,true,sans_activite,16539
26,true,artisant,16539
25,true,ouvrier_batiment,16539
48,true,commercant,16539
22,true,conducteur,16539
82,true,commercant,8260
75,false,ouvrier_agricole,8260
79,false,conducteur,8260
61,false,ouvrier_batiment,8260
29,false,sans_activite,8260
13,true,commercant,18594
12,false,agriculteur,18594
81,false,agriculteur,2454
20,true,militaire,2454
18,true,ecolier,2454
24,false,ouvrier_batiment,13167
65,false,ecolier,13167
93,false,ouvrier_agricole,13167
15,true,ecolier,13167
19,false,employe_prive,13167
30,true,ouvrier_agricole,13167
18,false,agriculteur,17131
25,false,sans_activite,17131
16,false,militaire,17131
16,false,militaire,17131
64,true,ouvrier_agricole,10536
97,false,conducteur,10536
59,true,enseignant,10536
76,false,enseignant,10536
23,false,employe_prive,10536
72,false,ouvrier,15142
40,true,employe_prive,19577
91,false,enseignant,19577
16,true,retraite,19727
79,false,conducteur,19727
0,false,militaire,19727
73,false,ouvrier,19727
57,false,artisant,19727
92,false,enseignant,15680
49,true,employe_prive,2122
14,true,employe_prive,2122
89,false,enseignant,8341
95,false,artisant,8341
68,false,artisant,8341
25,true,agriculteur,4717
79,false,retraite,4717
22,true,retraite,4717
28,false,ecolier,4717
64,false,ouvrier_agricole,12480
80,false,retraite,12480
25,false,agriculteur,12480
51,false,sans_activite,12480
79,true,ouvrier,6822
80,false,employe_prive,6822
68,true,commercant,6822
10,true,ecolier,6822
17,true,artisant,11215
20,true,employe_prive,11215
98,true,artisant,11215
43,true,employe_prive,11215
33,false,retraite,11215
22,true,employe_prive,11215
88,true,ouvrier_agricole,12696
86,false,ouvrier_agricole,12696
96,false,ouvrier_agricole,12696
46,false,artisant,11366
60,false,ouvrier_batiment,11366
90,true,militaire,11366
80,false,enseignant,11366
26,false,militaire,12692
29,false,agriculteur,12692
19,false,employe_prive,12692
32,false,ouvrier_batiment,8414
74,true,ouvrier_batiment,8414
24,false,sans_activite,8414
39,false,militaire,8414
70,true,commercant,8414
85,false,ouvrier_batiment,8414
1,false,employe_prive,6048
19,false,militaire,6048
78,false,militaire,6048
22,true,artisant,2295
57,false,ouvrier_agricole,16933
86,false,enseignant,16933
67,true,ouvrier,16933
94,false,artisant,16933
76,true,ouvrier,16933
80,false,artisant,16933
24,false,enseignant,19923
26,true,ouvrier_batiment,19923
8,false,ouvrier_batiment,19923
41,false,ouvrier_batiment,19923
80,false,ouvrier,19923
10,true,commercant,13814
76,true,artisant,13814
51,false,commercant,13814
80,false,ouvrier_agricole,13814
30,true,ecolier,13814
89,false,agriculteur,9134
14,true,ouvrier_batiment,9134
17,true,militaire,9134
22,true,retraite,9134
18,false,agriculteur,9134
30,true,enseignant,16607
62,false,commercant,12653
8,false,enseignant,12653
61,false,commercant,12653
70,false,retraite,12653
29,false,ouvrier_batiment,12653
29,false,commercant,1438
16,true,ouvrier_agricole,1438
75,false,ouvrier_agricole,12481
26,false,sans_activite,12481
29,true,enseignant,12481
37,false,ecolier,12481
23,false,ouvrier,15636
44,false,agriculteur,15636
23,true,conducteur,15636
24,true,conducteur,15636
73,false,conducteur,15636
18,true,commercant,9636
21,false,artisant,9636
26,true,sans_activite,9636
30,true,ecolier,9636
32,true,ouvrier_agricole,9636
72,true,ouvrier_batiment,1997
62,false,sans_activite,1997
77,false,enseignant,1997
80,false,ouvrier_batiment,1997
66,true,agriculteur,1997
77,true,sans_activite,16775
76,true,agriculteur,16775
52,false,ouvrier,16775
18,false,commercant,16775
55,false,commercant,16775
99,false,ouvrier,12352
32,true,commercant,12352
1,false,agriculteur,12352
71,false,sans_activite,12352
54,true,ouvrier,12352
74,false,agriculteur,5189
19,false,ouvrier,5189
77,false,ecolier,5566
19,true,ouvrier_batiment,5566
77,false,agriculteur,5566
97,true,militaire,5566
24,false,ouvrier_batiment,4935
26,true,ouvrier_batiment,4935
25,false,sans_activite,4935
58,true,commercant,4935
18,true,militaire,4935
78,false,commercant,19859
79,true,employe_prive,19859
73,true,militaire,19859
28,false,sans_activite,19859
4,true,ouvrier_agricole,19859
72,false,retraite,9664
79,true,ecolier,9664
59,true,enseignant,9664
29,true,militaire,9664
26,true,commercant,9664
17,true,ecolier,3412
17,true,commercant,3412
88,true,sans_activite,17852
74,false,retraite,17852
30,false,enseignant,17852
27,true,ouvrier,17852
22,true,enseignant,14140
89,false,enseignant,14140
76,false,sans_activite,14140
20,false,ouvrier_batiment,14140
23,false,commercant,14140
22,true,artisant,14140
21,false,conducteur,10745
8,true,employe_prive,10745
16,false,retraite,5653
25,true,ecolier,5653
38,true,ouvrier,5653
55,true,ouvrier_agricole,9819
96,true,ouvrier,9819
35,true,sans_activite,9819
55,true,employe_prive,10582
76,false,commercant,10582
17,true,conducteur,10582
82,true,artisant,10582
2,true,employe_prive,10582
24,false,enseignant,10582
1,true,enseignant,18502
80,true,ouvrier,18502
2,false,ouvrier_agricole,18502
30,false,commercant,18502
55,false,commercant,18502
20,true,ecolier,2220
68,true,agriculteur,2220
69,true,enseignant,2220
0,false,ouvrier_batiment,2220
56,false,conducteur,14601
40,true,commercant,14601
68,true,artisant,18444
55,false,conducteur,18444
91,true,conducteur,13924
42,true,commercant,13924
21,false,sans_activite,13924
6,false,enseignant,13924
51,false,agriculteur,16316
80,false,ecolier,16316
28,true,militaire,16316
72,false,artisant,16316
58,false,conducteur,1335
31,false,artisant,1335
22,true,ouvrier,1335
77,false,enseignant,1335
56,false,ecolier,12228
78,true,employe_prive,12228
78,true,retraite,12228
39,false,ouvrier_agricole,3243
25,false,employe_prive,3243
20,false,ouvrier_batiment,8734
23,false,militaire,8734
1,false,enseignant,8734
28,true,agriculteur,9828
20,false,ouvrier,9828
22,true,commercant,9828
83,true,retraite,6655
25,true,ecolier,6655
18,true,conducteur,6655
79,true,ouvrier_batiment,6655
16,false,sans_activite,6655
50,true,ouvrier_batiment,6655
27,true,ecolier,10610
58,true,sans_activite,10610
90,false,enseignant,10610
61,false,sans_activite,10610
78,false,enseignant,10610
16,true,militaire,10610
44,false,ouvrier_batiment,17561
50,true,agriculteur,7185
83,true,agriculteur,4719
22,true,ouvrier,4719
20,false,ecolier,4719
21,true,agriculteur,4719
25,true,enseignant,3001
51,false,conducteur,3001
24,true,artisant,3001
28,false,sans_activite,3001
28,false,retraite,3001
93,true,enseignant,3001
16,true,commercant,5206
53,true,retraite,5206
28,false,retraite,5206
18,true,ecolier,5206
80,false,commercant,19490
64,true,ouvrier_agricole,19490
20,true,ecolier,19490
82,true,agriculteur,19490
39,false,ouvrier,19490
33,true,militaire,16936
3,true,enseignant,16936
64,false,employe_prive,16936
79,false,artisant,16936
29,false,commercant,16936
62,true,enseignant,11868
79,false,ouvrier_batiment,11868
24,true,ouvrier_batiment,13222
20,false,retraite,13222
57,false,enseignant,13222
30,false,commercant,1347
66,true,enseignant,1347
22,true,ouvrier_batiment,1347
18,true,militaire,1347
72,false,sans_activite,1120
16,true,retraite,1120
75,true,ecolier,1120
20,true,retraite,1120
21,false,ouvrier_batiment,7474
7,true,agriculteur,7474
29,true,agriculteur,19172
73,true,employe_prive,19172
43,false,conducteur,19127
58,false,ecolier,19127
80,false,ouvrier_agricole,19127
21,false,commercant,19127
59,true,employe_prive,19127
21,true,ecolier,16829
63,true,commercant,16829
70,false,enseignant,16829
67,true,ouvrier,16829
41,false,ouvrier_agricole,16829
61,false,conducteur,3780
17,false,ecolier,3780
21,true,ouvrier_batiment,12987
17,false,commercant,12987
27,true,enseignant,12987
27,false,retraite,12987
2,false,sans_activite,12987
20,false,artisant,10906
93,false,enseignant,10906
22,false,ouvrier,10906
52,true,conducteur,8580
47,true,retraite,8580
28,false,agriculteur,8580
20,false,conducteur,8580
52,false,retraite,12104
28,false,ouvrier_batiment,9660
94,false,ouvrier_batiment,15439
79,true,enseignant,14574
16,true,militaire,14574
23,true,sans_activite,11325
91,false,retraite,11325
19,false,retraite,11325
26,true,militaire,11325
55,true,ouvrier_batiment,11325
5,true,enseignant,14809
90,false,retraite,14809
27,false,sans_activite,14809
24,true,enseignant,9102
21,true,conducteur,9102
2,true,employe_prive,9102
48,false,retraite,9102
38,true,militaire,9102
69,true,employe_prive,9102
30,true,artisant,10286
50,false,enseignant,10286
2,false,commercant,18385
38,true,ouvrier_agricole,18385
70,false,commercant,18385
28,false,artisant,18385
18,false,agriculteur,18385
21,true,ecolier,18385
41,true,ecolier,4169
19,false,ouvrier,4169
66,true,ecolier,17670
54,true,sans_activite,17670
99,true,ouvrier,17670
58,true,agriculteur,17670
24,true,sans_activite,17670
52,false,enseignant,8066
78,true,conducteur,8066
31,true,retraite,8066
51,true,conducteur,8066
40,false,sans_activite,8066
28,true,sans_activite,16081
40,true,ouvrier_batiment,16081
28,true,sans_activite,16081
48,true,employe_prive,11852
17,false,commercant,11852
83,false,ouvrier_batiment,11402
42,false,sans_activite,11402
66,false,ouvrier_agricole,11402
30,false,commercant,11402
92,false,conducteur,11402
77,false,commercant,11402
80,false,ouvrier_batiment,7812
51,true,artisant,7812
10,true,retraite,8921
82,false,employe_prive,8921
25,true,artisant,8921
16,true,militaire,8921
60,true,employe_prive,8921
24,true,ouvrier,8921
54,false,enseignant,5540
32,false,commercant,5540
88,true,ouvrier_batiment,5540
27,true,militaire,5540
30,true,commercant,5540
12,true,ouvrier_batiment,2250
83,true,commercant,2250
41,false,ouvrier_agricole,2250
17,false,militaire,2250
28,true,artisant,4862
76,true,commercant,4862
90,false,artisant,3482
11,false,conducteur,12423
27,true,commercant,12423
23,false,enseignant,12423
26,true,ouvrier_batiment,13569
75,false,ouvrier,13569
91,true,commercant,13569
21,true,retraite,13569
53,true,ouvrier,13569
22,true,agriculteur,15834
36,false,employe_prive,15834
86,true,retraite,15834
78,true,ouvrier,15834
67,false,conducteur,15834
26,true,agriculteur,17594
58,false,agriculteur,17594
56,false,conducteur,17594
29,false,conducteur,17594
29,true,commercant,17594
79,true,artisant,17594
16,true,sans_activite,16055
12,false,enseignant,16055
22,false,ecolier,16055
90,true,sans_activite,15217
56,true,ecolier,12387
64,false,ouvrier_batiment,12387
41,false,agriculteur,12387
54,true,enseignant,12387
75,true,ouvrier_batiment,12387
78,false,ouvrier_batiment,15140
79,false,agriculteur,1481
23,true,agriculteur,1481
42,false,ouvrier_batiment,1481
13,true,employe_prive,19
20,true,retraite,19
36,false,sans_activite,7045
18,true,sans_activite,7045
68,true,agriculteur,7045
28,true,conducteur,7045
26,false,retraite,7045
49,false,ouvrier_agricole,7045
94,false,sans_activite,14562
22,false,enseignant,14562
68,true,ecolier,14562
61,false,artisant,14562
53,true,militaire,14562
55,true,enseignant,14562
97,true,agriculteur,17061
18,false,sans_activite,17061
10,false,retraite,4288
77,true,commercant,4288
65,false,militaire,4288
28,true,employe_prive,4288
9,false,enseignant,4288
29,false,ouvrier_batiment,14674
77,false,conducteur,14674
4,false,commercant,3060
79,true,artisant,19551
21,true,retraite,19551
82,true,employe_prive,11436
83,false,ouvrier_batiment,11436
19,false,artisant,11436
83,true,artisant,11436
41,false,ouvrier,5537
39,true,conducteur,5537
11,true,retraite,12748
10,true,commercant,12748
36,true,retraite,12748
30,true,ecolier,12748
29,true,enseignant,931
33,false,enseignant,931
92,false,commercant,931
16,true,militaire,931
6,false,ouvrier_batiment,931
44,true,militaire,931
45,false,ouvrier,5774
78,false,ouvrier_agricole,5774
55,true,ouvrier_batiment,5774
58,false,ouvrier_batiment,5774
21,false,conducteur,5774
62,true,militaire,5774
76,true,commercant,4629
87,false,artisant,4629
96,false,ouvrier_agricole,4629
58,true,enseignant,4629
74,true,sans_activite,4629
76,false,conducteur,4629
24,true,commercant,8514
80,false,ecolier,8514
54,false,retraite,8514
25,true,retraite,8514
19,false,enseignant,12488
73,true,employe_prive,12488
60,true,employe_prive,7726
60,true,retraite,3415
61,true,retraite,3415
39,true,ouvrier,3415
59,false,artisant,18157
81,true,enseignant,18157
38,false,agriculteur,18157
1,false,retraite,18157
80,false,ouvrier_batiment,17092
64,true,conducteur,17092
77,false,militaire,17092
71,true,employe_prive,17092
27,true,ouvrier_agricole,17092
21,true,enseignant,17551
27,true,ouvrier_batiment,4803
9,false,retraite,18934
100,true,artisant,18934
35,true,sans_activite,17079
78,false,enseignant,17079
75,false,ouvrier,13793
46,false,sans_activite,7249
19,false,ouvrier,1221
19,false,conducteur,1221
30,false,militaire,1221
21,false,militaire,13226
18,false,ouvrier_batiment,17801
52,false,sans_activite,17801
68,true,conducteur,17801
40,true,ouvrier_agricole,7929
80,false,sans_activite,12775
82,true,ouvrier_agricole,12775
37,true,enseignant,12775
16,true,retraite,12775
1,false,ecolier,1437
29,true,ouvrier_batiment,1437
52,true,employe_prive,1437
26,false,ecolier,1437
38,true,artisant,1437
54,true,enseignant,1437
56,false,ouvrier_batiment,18739
29,true,agriculteur,18739
95,true,agriculteur,18739
30,true,artisant,18739
56,true,ouvrier_agricole,18214
21,false,ecolier,18214
24,true,militaire,18214
79,false,militaire,18214
30,true,ouvrier_batiment,10134
80,false,ecolier,5056
15,true,ouvrier,5056
76,false,ouvrier_agricole,5056
8,false,agriculteur,5056
96,false,artisant,5056
20,true,ouvrier_batiment,15676
4,true,agriculteur,15676
17,false,enseignant,15676
24,true,ouvrier,15676
50,true,employe_prive,15676
29,true,militaire,11629
25,true,ouvrier,11629
64,false,ouvrier_agricole,11629
24,false,ouvrier_agricole,8872
26,true,employe_prive,8872
92,false,employe_prive,8872
22,true,commercant,8872
30,true,ouvrier_agricole,8123
72,false,retraite,8123
24,true,ouvrier_agricole,771
44,false,enseignant,771
15,false,militaire,771
77,true,retraite,771
78,true,ouvrier_batiment,771
25,false,ecolier,771
12,false,retraite,19786
7,false,sans_activite,19786
57,true,ecolier,19323
0,false,ouvrier,19323
48,false,ecolier,19323
79,true,retraite,19323
17,true,ouvrier_agricole,8078
64,true,retraite,8078
28,true,militaire,8078
98,false,ouvrier_agricole,8078
30,true,employe_prive,6329
39,true,employe_prive,6329
22,true,retraite,6329
76,false,employe_prive,6329
49,false,artisant,6329
35,false,ouvrier_batiment,18673
21,true,artisant,18673
67,true,commercant,18673
65,true,militaire,18673
0,false,artisant,18673
74,true,commercant,13078
80,true,ecolier,13078
63,false,militaire,13078
71,false,ouvrier_batiment,13078
6,false,ouvrier,13078
48,true,ouvrier,13078
29,false,ouvrier_batiment,10171
27,false,retraite,10171
56,true,agriculteur,10171
25,false,enseignant,1124
3,false,retraite,1124
99,true,retraite,13048
46,false,ecolier,13048
97,false,conducteur,13048
25,true,commercant,13048
78,true,enseignant,8310
60,false,employe_prive,10285
52,true,artisant,10285
29,true,sans_activite,10285
27,false,ouvrier,10285
14,false,ouvrier_agricole,10285
20,false,employe_prive,7658
83,false,conducteur,7658
80,true,ecolier,7658
25,true,retraite,7658
78,false,retraite,7658
85,false,ouvrier_batiment,8338
58,true,retraite,8338
78,true,agriculteur,8338
17,true,ouvrier_agricole,8338
63,true,ouvrier_agricole,8338
24,true,enseignant,8338
77,true,ouvrier_agricole,14859
57,true,sans_activite,14859
70,false,agriculteur,14859
23,true,agriculteur,14859
53,true,commercant,14859
95,false,commercant,14859
94,true,commercant,12872
73,false,commercant,12872
17,true,conducteur,12872
79,true,ouvrier,12872
52,false,employe_prive,12872
30,true,militaire,12872
68,false,sans_activite,18116
51,true,artisant,18116
88,true,agriculteur,14485
56,true,conducteur,14485
34,true,ouvrier_batiment,14485
35,false,retraite,4427
78,false,employe_prive,4427
26,false,artisant,4427
16,false,ouvrier,7912
28,false,commercant,7912
70,false,sans_activite,14869
8,true,militaire,14869
27,true,sans_activite,3375
76,true,ouvrier_batiment,3375
78,true,enseignant,3375
59,false,agriculteur,3375
42,true,ecolier,3375
25,true,ecolier,18024
18,true,sans_activite,18024
98,true,ouvrier,421
27,true,agriculteur,421
17,true,retraite,421
98,true,ecolier,421
5,true,militaire,421
79,false,artisant,8481
43,true,artisant,8481
86,true,ouvrier_batiment,8481
80,false,retraite,8481
26,true,conducteur,8481
42,true,ouvrier_agricole,8481
28,false,commercant,2840
3,true,artisant,2840
47,false,ouvrier_batiment,10041
10,true,employe_prive,2096
59,false,commercant,2096
78,false,ouvrier_batiment,2096
8,true,retraite,2096
25,true,ouvrier,2096
57,false,retraite,5743
93,true,ecolier,5743
48,true,artisant,5743
0,false,ouvrier,5743
1,true,employe_prive,5743
49,true,ouvrier_batiment,8208
25,false,ouvrier_batiment,8208
44,true,commercant,7888
52,false,conducteur,7888
3,false,conducteur,15020
34,false,ouvrier,15020
11,false,retraite,15020
76,false,ouvrier_batiment,15020
7,false,ecolier,15020
79,true,sans_activite,15020
82,true,ouvrier_batiment,12467
6,true,artisant,1819
25,false,retraite,1819
71,true,conducteur,1819
77,true,ecolier,1819
54,false,sans_activite,1819
22,false,ecolier,6271
78,false,conducteur,6271
77,true,agriculteur,6271
15,true,artisant,6271
29,false,employe_prive,6271
58,false,retraite,10267
29,true,artisant,10267
98,true,ecolier,10267
64,false,militaire,10267
20,false,ouvrier_batiment,447
94,false,ouvrier,9996
79,false,ecolier,9996
32,true,ouvrier_batiment,9996
83,false,agriculteur,9996
7,true,enseignant,9996
31,false,conducteur,9996
28,true,ouvrier_batiment,2491
81,false,employe_prive,2491
22,false,retraite,2491
29,true,agriculteur,2491
97,true,conducteur,2491
17,false,commercant,11582
23,false,ouvrier,11582
86,true,commercant,11582
83,true,retraite,11582
20,true,artisant,11582
100,false,artisant,368
15,false,agriculteur,368
50,false,enseignant,368
26,true,agriculteur,368
83,false,ouvrier_agricole,7240
42,true,employe_prive,68
29,false,agriculteur,16601
80,false,artisant,16601
48,false,ecolier,16601
80,true,agriculteur,16601
87,true,employe_prive,16601
29,false,ouvrier,16601
22,true,enseignant,19201
62,false,agriculteur,19201
64,true,enseignant,19201
15,true,artisant,19201
58,true,ouvrier_agricole,19201
78,false,enseignant,19201
9,false,agriculteur,16735
16,true,ouvrier_batiment,16735
31,false,militaire,16735
23,false,commercant,16735
25,true,ouvrier_agricole,16735
21,false,sans_activite,16735
45,false,employe_prive,17240
16,false,retraite,17240
54,false,artisant,17240
20,false,ecolier,2283
19,false,sans_activite,2283
79,false,employe_prive,2283
36,false,militaire,2283
73,true,artisant,2283
0,false,employe_prive,2283
76,true,agriculteur,19489
68,true,ouvrier,6657
22,true,conducteur,11818
23,false,ouvrier_agricole,15282
40,false,militaire,10179
13,true,ouvrier_batiment,10179
44,false,commercant,10179
84,false,employe_prive,10179
86,true,ouvrier,10179
30,false,ouvrier_agricole,10594
1,true,ecolier,10594
26,false,agriculteur,10594
69,false,conducteur,9349
27,false,retraite,9349
88,true,commercant,9349
2,true,ouvrier,9349
24,false,agriculteur,9349
39,true,enseignant,4445
17,true,ouvrier_batiment,4445
19,false,retraite,4445
52,true,conducteur,16798
46,true,employe_prive,5394
15,false,ouvrier_agricole,5394
16,true,ouvrier_batiment,5394
26,true,conducteur,9710
22,true,agriculteur,9710
72,true,ecolier,9710
