householdSize,householdIncome,householdType,numberOfCars,numberOfBicycles,averageAge
1,High,type1,0,0,7
1,High,type2,0,0,8
1,High,type2,0,0,8
1,High,type3,0,0,9
1,High,type3,0,0,9
1,High,type1,1,0,4
1,High,type1,1,0,4
1,High,type2,1,0,4
1,High,type2,1,0,4
1,High,type3,1,0,7
1,High,type1,2,0,1
1,High,type2,2,0,14
1,High,type3,2,0,1
1,High,type3,2,0,1
1,High,type1,3,0,11
1,High,type1,3,0,11
1,High,type2,3,0,7
1,High,type3,3,0,7
1,High,type1,0,1,3
1,High,type1,0,1,3
1,High,type2,0,1,6
1,High,type2,0,1,6
1,High,type3,0,1,7
1,High,type3,0,1,7
1,High,type1,1,1,11
1,High,type1,1,1,11
1,High,type2,1,1,7
1,High,type2,1,1,7
1,High,type3,1,1,2
1,High,type3,1,1,2
1,High,type1,2,1,13
1,High,type1,2,1,13
1,High,type2,2,1,5
1,High,type3,2,1,12
1,High,type3,2,1,12
1,High,type1,3,1,1
1,High,type2,3,1,8
1,High,type3,3,1,9
1,High,type3,3,1,9
1,High,type1,0,2,10
1,High,type2,0,2,11
1,High,type3,0,2,3
1,High,type1,1,2,6
1,High,type1,1,2,6
1,High,type2,1,2,10
1,High,type2,1,2,10
1,High,type3,1,2,2
1,High,type1,2,2,8
1,High,type1,2,2,8
1,High,type2,2,2,11
1,High,type2,2,2,11
1,High,type3,2,2,0
1,High,type1,3,2,9
1,High,type1,3,2,9
1,High,type2,3,2,12
1,High,type3,3,2,0
1,High,type3,3,2,0
1,High,type1,0,3,10
1,High,type1,0,3,10
1,High,type2,0,3,13
1,High,type2,0,3,13
1,High,type3,0,3,4
1,High,type3,0,3,4
1,High,type1,1,3,13
1,High,type2,1,3,14
1,High,type2,1,3,14
1,High,type3,1,3,12
1,High,type1,2,3,7
1,High,type1,2,3,7
1,High,type2,2,3,6
1,High,type2,2,3,6
1,High,type3,2,3,0
1,High,type1,3,3,1
1,High,type1,3,3,1
1,High,type2,3,3,4
1,High,type2,3,3,4
1,High,type3,3,3,6
1,High,type3,3,3,6
2,High,type1,0,0,0
2,High,type1,0,0,0
2,High,type2,0,0,14
2,High,type2,0,0,14
2,High,type3,0,0,10
2,High,type3,0,0,10
2,High,type1,1,0,12
2,High,type1,1,0,12
2,High,type2,1,0,1
2,High,type3,1,0,11
2,High,type3,1,0,11
2,High,type1,2,0,3
2,High,type2,2,0,9
2,High,type3,2,0,2
2,High,type1,3,0,8
2,High,type1,3,0,8
2,High,type2,3,0,1
2,High,type2,3,0,1
2,High,type3,3,0,12
2,High,type3,3,0,12
2,High,type1,0,1,14
2,High,type1,0,1,14
2,High,type2,0,1,12
2,High,type2,0,1,12
2,High,type3,0,1,0
2,High,type1,1,1,13
2,High,type2,1,1,3
2,High,type3,1,1,1
2,High,type3,1,1,1
2,High,type1,2,1,11
2,High,type1,2,1,11
2,High,type2,2,1,9
2,High,type2,2,1,9
2,High,type3,2,1,13
2,High,type1,3,1,15
2,High,type2,3,1,5
2,High,type3,3,1,8
2,High,type3,3,1,8
2,High,type1,0,2,2
2,High,type1,0,2,2
2,High,type2,0,2,7
2,High,type3,0,2,13
2,High,type3,0,2,13
2,High,type1,1,2,14
2,High,type2,1,2,9
2,High,type2,1,2,9
2,High,type3,1,2,5
2,High,type1,2,2,12
2,High,type2,2,2,7
2,High,type2,2,2,7
2,High,type3,2,2,14
2,High,type1,3,2,6
2,High,type2,3,2,14
2,High,type2,3,2,14
2,High,type3,3,2,6
2,High,type1,0,3,4
2,High,type2,0,3,8
2,High,type3,0,3,8
2,High,type1,1,3,0
2,High,type2,1,3,12
2,High,type3,1,3,15
2,High,type3,1,3,15
2,High,type1,2,3,0
2,High,type1,2,3,0
2,High,type2,2,3,0
2,High,type3,2,3,4
2,High,type1,3,3,0
2,High,type1,3,3,0
2,High,type2,3,3,4
2,High,type2,3,3,4
2,High,type3,3,3,2
3,High,type1,0,0,10
3,High,type1,0,0,10
3,High,type2,0,0,9
3,High,type3,0,0,7
3,High,type1,1,0,4
3,High,type1,1,0,4
3,High,type2,1,0,14
3,High,type3,1,0,13
3,High,type3,1,0,13
3,High,type1,2,0,3
3,High,type1,2,0,3
3,High,type2,2,0,15
3,High,type2,2,0,15
3,High,type3,2,0,11
3,High,type3,2,0,11
3,High,type1,3,0,14
3,High,type2,3,0,2
3,High,type2,3,0,2
3,High,type3,3,0,13
3,High,type1,0,1,8
3,High,type2,0,1,8
3,High,type2,0,1,8
3,High,type3,0,1,1
3,High,type3,0,1,1
3,High,type1,1,1,9
3,High,type2,1,1,2
3,High,type3,1,1,14
3,High,type3,1,1,14
3,High,type1,2,1,3
3,High,type1,2,1,3
3,High,type2,2,1,11
3,High,type2,2,1,11
3,High,type3,2,1,7
3,High,type3,2,1,7
3,High,type1,3,1,5
3,High,type1,3,1,5
3,High,type2,3,1,7
3,High,type3,3,1,3
3,High,type3,3,1,3
3,High,type1,0,2,1
3,High,type2,0,2,12
3,High,type2,0,2,12
3,High,type3,0,2,6
3,High,type3,0,2,6
3,High,type1,1,2,0
3,High,type1,1,2,0
3,High,type2,1,2,15
3,High,type3,1,2,0
3,High,type1,2,2,10
3,High,type2,2,2,3
3,High,type3,2,2,12
3,High,type1,3,2,2
3,High,type2,3,2,8
3,High,type3,3,2,8
3,High,type1,0,3,11
3,High,type1,0,3,11
3,High,type2,0,3,4
3,High,type3,0,3,12
3,High,type1,1,3,3
3,High,type2,1,3,10
3,High,type3,1,3,14
3,High,type3,1,3,14
3,High,type1,2,3,5
3,High,type2,2,3,8
3,High,type2,2,3,8
3,High,type3,2,3,5
3,High,type3,2,3,5
3,High,type1,3,3,9
3,High,type2,3,3,11
3,High,type3,3,3,1
1,Low,type1,0,0,5
1,Low,type2,0,0,6
1,Low,type2,0,0,6
1,Low,type3,0,0,1
1,Low,type3,0,0,1
1,Low,type1,1,0,12
1,Low,type2,1,0,11
1,Low,type2,1,0,11
1,Low,type3,1,0,1
1,Low,type3,1,0,1
1,Low,type1,2,0,12
1,Low,type1,2,0,12
1,Low,type2,2,0,14
1,Low,type3,2,0,15
1,Low,type3,2,0,15
1,Low,type1,3,0,4
1,Low,type1,3,0,4
1,Low,type2,3,0,14
1,Low,type3,3,0,2
1,Low,type3,3,0,2
1,Low,type1,0,1,11
1,Low,type2,0,1,8
1,Low,type2,0,1,8
1,Low,type3,0,1,1
1,Low,type1,1,1,10
1,Low,type1,1,1,10
1,Low,type2,1,1,6
1,Low,type2,1,1,6
1,Low,type3,1,1,11
1,Low,type3,1,1,11
1,Low,type1,2,1,10
1,Low,type1,2,1,10
1,Low,type2,2,1,7
1,Low,type2,2,1,7
1,Low,type3,2,1,0
1,Low,type1,3,1,14
1,Low,type1,3,1,14
1,Low,type2,3,1,1
1,Low,type2,3,1,1
1,Low,type3,3,1,15
1,Low,type3,3,1,15
1,Low,type1,0,2,11
1,Low,type2,0,2,0
1,Low,type3,0,2,13
1,Low,type1,1,2,3
1,Low,type2,1,2,7
1,Low,type3,1,2,14
1,Low,type1,2,2,0
1,Low,type2,2,2,9
1,Low,type2,2,2,9
1,Low,type3,2,2,3
1,Low,type3,2,2,3
1,Low,type1,3,2,7
1,Low,type2,3,2,3
1,Low,type2,3,2,3
1,Low,type3,3,2,14
1,Low,type3,3,2,14
1,Low,type1,0,3,7
1,Low,type1,0,3,7
1,Low,type2,0,3,12
1,Low,type2,0,3,12
1,Low,type3,0,3,9
1,Low,type1,1,3,15
1,Low,type2,1,3,6
1,Low,type3,1,3,10
1,Low,type3,1,3,10
1,Low,type1,2,3,3
1,Low,type2,2,3,7
1,Low,type3,2,3,13
1,Low,type3,2,3,13
1,Low,type1,3,3,8
1,Low,type1,3,3,8
1,Low,type2,3,3,0
1,Low,type2,3,3,0
1,Low,type3,3,3,10
1,Low,type3,3,3,10
2,Low,type1,0,0,11
2,Low,type2,0,0,7
2,Low,type2,0,0,7
2,Low,type3,0,0,12
2,Low,type3,0,0,12
2,Low,type1,1,0,12
2,Low,type1,1,0,12
2,Low,type2,1,0,12
2,Low,type3,1,0,7
2,Low,type1,2,0,8
2,Low,type1,2,0,8
2,Low,type2,2,0,12
2,Low,type3,2,0,6
2,Low,type3,2,0,6
2,Low,type1,3,0,11
2,Low,type2,3,0,9
2,Low,type2,3,0,9
2,Low,type3,3,0,2
2,Low,type1,0,1,11
2,Low,type2,0,1,10
2,Low,type3,0,1,15
2,Low,type3,0,1,15
2,Low,type1,1,1,13
2,Low,type2,1,1,14
2,Low,type2,1,1,14
2,Low,type3,1,1,15
2,Low,type3,1,1,15
2,Low,type1,2,1,13
2,Low,type1,2,1,13
2,Low,type2,2,1,15
2,Low,type2,2,1,15
2,Low,type3,2,1,2
2,Low,type1,3,1,10
2,Low,type1,3,1,10
2,Low,type2,3,1,4
2,Low,type2,3,1,4
2,Low,type3,3,1,13
2,Low,type1,0,2,0
2,Low,type2,0,2,15
2,Low,type2,0,2,15
2,Low,type3,0,2,0
2,Low,type3,0,2,0
2,Low,type1,1,2,14
2,Low,type2,1,2,2
2,Low,type2,1,2,2
2,Low,type3,1,2,4
2,Low,type1,2,2,0
2,Low,type1,2,2,0
2,Low,type2,2,2,6
2,Low,type2,2,2,6
2,Low,type3,2,2,2
2,Low,type3,2,2,2
2,Low,type1,3,2,3
2,Low,type1,3,2,3
2,Low,type2,3,2,2
2,Low,type2,3,2,2
2,Low,type3,3,2,4
2,Low,type3,3,2,4
2,Low,type1,0,3,10
2,Low,type1,0,3,10
2,Low,type2,0,3,10
2,Low,type3,0,3,4
2,Low,type3,0,3,4
2,Low,type1,1,3,11
2,Low,type1,1,3,11
2,Low,type2,1,3,8
2,Low,type3,1,3,14
2,Low,type3,1,3,14
2,Low,type1,2,3,13
2,Low,type1,2,3,13
2,Low,type2,2,3,12
2,Low,type2,2,3,12
2,Low,type3,2,3,9
2,Low,type3,2,3,9
2,Low,type1,3,3,7
2,Low,type2,3,3,15
2,Low,type2,3,3,15
2,Low,type3,3,3,7
3,Low,type1,0,0,5
3,Low,type1,0,0,5
3,Low,type2,0,0,8
3,Low,type2,0,0,8
3,Low,type3,0,0,0
3,Low,type1,1,0,13
3,Low,type2,1,0,9
3,Low,type3,1,0,15
3,Low,type1,2,0,1
3,Low,type2,2,0,11
3,Low,type2,2,0,11
3,Low,type3,2,0,13
3,Low,type3,2,0,13
3,Low,type1,3,0,1
3,Low,type2,3,0,12
3,Low,type3,3,0,12
3,Low,type3,3,0,12
3,Low,type1,0,1,12
3,Low,type2,0,1,6
3,Low,type2,0,1,6
3,Low,type3,0,1,8
3,Low,type1,1,1,2
3,Low,type1,1,1,2
3,Low,type2,1,1,5
3,Low,type3,1,1,9
3,Low,type3,1,1,9
3,Low,type1,2,1,11
3,Low,type1,2,1,11
3,Low,type2,2,1,4
3,Low,type2,2,1,4
3,Low,type3,2,1,2
3,Low,type3,2,1,2
3,Low,type1,3,1,10
3,Low,type2,3,1,9
3,Low,type3,3,1,0
3,Low,type3,3,1,0
3,Low,type1,0,2,0
3,Low,type2,0,2,5
3,Low,type2,0,2,5
3,Low,type3,0,2,7
3,Low,type3,0,2,7
3,Low,type1,1,2,13
3,Low,type1,1,2,13
3,Low,type2,1,2,9
3,Low,type2,1,2,9
3,Low,type3,1,2,8
3,Low,type1,2,2,8
3,Low,type1,2,2,8
3,Low,type2,2,2,0
3,Low,type3,2,2,6
3,Low,type3,2,2,6
3,Low,type1,3,2,6
3,Low,type2,3,2,10
3,Low,type2,3,2,10
3,Low,type3,3,2,9
3,Low,type3,3,2,9
3,Low,type1,0,3,3
3,Low,type2,0,3,5
3,Low,type2,0,3,5
3,Low,type3,0,3,15
3,Low,type1,1,3,2
3,Low,type2,1,3,2
3,Low,type3,1,3,9
3,Low,type1,2,3,12
3,Low,type1,2,3,12
3,Low,type2,2,3,6
3,Low,type3,2,3,3
3,Low,type3,2,3,3
3,Low,type1,3,3,12
3,Low,type1,3,3,12
3,Low,type2,3,3,1
3,Low,type3,3,3,15
3,Low,type3,3,3,15
1,High,type1,0,0,19
1,High,type2,0,0,20
1,High,type2,0,0,20
1,High,type3,0,0,18
1,High,type1,1,0,19
1,High,type1,1,0,19
1,High,type2,1,0,20
1,High,type3,1,0,19
1,High,type1,2,0,20
1,High,type1,2,0,20
1,High,type2,2,0,19
1,High,type2,2,0,19
1,High,type3,2,0,17
1,High,type3,2,0,17
1,High,type1,3,0,20
1,High,type2,3,0,16
1,High,type2,3,0,16
1,High,type3,3,0,17
1,High,type3,3,0,17
1,High,type1,0,1,18
1,High,type2,0,1,16
1,High,type3,0,1,18
1,High,type1,1,1,19
1,High,type1,1,1,19
1,High,type2,1,1,20
1,High,type2,1,1,20
1,High,type3,1,1,17
1,High,type3,1,1,17
1,High,type1,2,1,18
1,High,type2,2,1,20
1,High,type3,2,1,20
1,High,type1,3,1,18
1,High,type2,3,1,16
1,High,type2,3,1,16
1,High,type3,3,1,18
1,High,type1,0,2,16
1,High,type1,0,2,16
1,High,type2,0,2,16
1,High,type3,0,2,17
1,High,type3,0,2,17
1,High,type1,1,2,19
1,High,type2,1,2,19
1,High,type3,1,2,19
1,High,type3,1,2,19
1,High,type1,2,2,20
1,High,type1,2,2,20
1,High,type2,2,2,19
1,High,type2,2,2,19
1,High,type3,2,2,19
1,High,type1,3,2,16
1,High,type2,3,2,20
1,High,type3,3,2,19
1,High,type3,3,2,19
1,High,type1,0,3,20
1,High,type2,0,3,19
1,High,type2,0,3,19
1,High,type3,0,3,19
1,High,type1,1,3,19
1,High,type2,1,3,18
1,High,type3,1,3,20
1,High,type3,1,3,20
1,High,type1,2,3,18
1,High,type1,2,3,18
1,High,type2,2,3,18
1,High,type2,2,3,18
1,High,type3,2,3,17
1,High,type3,2,3,17
1,High,type1,3,3,16
1,High,type2,3,3,17
1,High,type3,3,3,16
1,High,type3,3,3,16
2,High,type1,0,0,16
2,High,type1,0,0,16
2,High,type2,0,0,19
2,High,type2,0,0,19
2,High,type3,0,0,20
2,High,type1,1,0,19
2,High,type1,1,0,19
2,High,type2,1,0,19
2,High,type2,1,0,19
2,High,type3,1,0,16
2,High,type1,2,0,20
2,High,type2,2,0,17
2,High,type3,2,0,18
2,High,type1,3,0,18
2,High,type2,3,0,20
2,High,type2,3,0,20
2,High,type3,3,0,16
2,High,type1,0,1,16
2,High,type1,0,1,16
2,High,type2,0,1,18
2,High,type3,0,1,18
2,High,type1,1,1,18
2,High,type2,1,1,20
2,High,type2,1,1,20
2,High,type3,1,1,18
2,High,type1,2,1,16
2,High,type1,2,1,16
2,High,type2,2,1,17
2,High,type2,2,1,17
2,High,type3,2,1,16
2,High,type3,2,1,16
2,High,type1,3,1,17
2,High,type2,3,1,16
2,High,type3,3,1,19
2,High,type3,3,1,19
2,High,type1,0,2,17
2,High,type1,0,2,17
2,High,type2,0,2,19
2,High,type3,0,2,20
2,High,type3,0,2,20
2,High,type1,1,2,18
2,High,type2,1,2,16
2,High,type3,1,2,17
2,High,type1,2,2,20
2,High,type2,2,2,19
2,High,type3,2,2,17
2,High,type3,2,2,17
2,High,type1,3,2,19
2,High,type1,3,2,19
2,High,type2,3,2,20
2,High,type2,3,2,20
2,High,type3,3,2,20
2,High,type3,3,2,20
2,High,type1,0,3,18
2,High,type1,0,3,18
2,High,type2,0,3,19
2,High,type2,0,3,19
2,High,type3,0,3,18
2,High,type1,1,3,20
2,High,type2,1,3,18
2,High,type3,1,3,20
2,High,type1,2,3,18
2,High,type1,2,3,18
2,High,type2,2,3,20
2,High,type2,2,3,20
2,High,type3,2,3,20
2,High,type3,2,3,20
2,High,type1,3,3,20
2,High,type1,3,3,20
2,High,type2,3,3,18
2,High,type3,3,3,20
2,High,type3,3,3,20
3,High,type1,0,0,20
3,High,type2,0,0,17
3,High,type3,0,0,16
3,High,type3,0,0,16
3,High,type1,1,0,20
3,High,type1,1,0,20
3,High,type2,1,0,19
3,High,type3,1,0,19
3,High,type3,1,0,19
3,High,type1,2,0,16
3,High,type1,2,0,16
3,High,type2,2,0,16
3,High,type3,2,0,16
3,High,type3,2,0,16
3,High,type1,3,0,20
3,High,type2,3,0,17
3,High,type2,3,0,17
3,High,type3,3,0,18
3,High,type3,3,0,18
3,High,type1,0,1,18
3,High,type2,0,1,18
3,High,type3,0,1,20
3,High,type3,0,1,20
3,High,type1,1,1,16
3,High,type2,1,1,19
3,High,type2,1,1,19
3,High,type3,1,1,17
3,High,type3,1,1,17
3,High,type1,2,1,19
3,High,type2,2,1,17
3,High,type3,2,1,20
3,High,type3,2,1,20
3,High,type1,3,1,19
3,High,type2,3,1,16
3,High,type2,3,1,16
3,High,type3,3,1,16
3,High,type3,3,1,16
3,High,type1,0,2,17
3,High,type1,0,2,17
3,High,type2,0,2,17
3,High,type2,0,2,17
3,High,type3,0,2,18
3,High,type1,1,2,18
3,High,type2,1,2,19
3,High,type3,1,2,17
3,High,type3,1,2,17
3,High,type1,2,2,19
3,High,type1,2,2,19
3,High,type2,2,2,17
3,High,type2,2,2,17
3,High,type3,2,2,19
3,High,type1,3,2,20
3,High,type1,3,2,20
3,High,type2,3,2,18
3,High,type2,3,2,18
3,High,type3,3,2,16
3,High,type3,3,2,16
3,High,type1,0,3,17
3,High,type1,0,3,17
3,High,type2,0,3,18
3,High,type3,0,3,16
3,High,type3,0,3,16
3,High,type1,1,3,19
3,High,type2,1,3,20
3,High,type2,1,3,20
3,High,type3,1,3,16
3,High,type3,1,3,16
3,High,type1,2,3,17
3,High,type2,2,3,19
3,High,type2,2,3,19
3,High,type3,2,3,20
3,High,type1,3,3,18
3,High,type2,3,3,16
3,High,type3,3,3,20
1,Low,type1,0,0,20
1,Low,type1,0,0,20
1,Low,type2,0,0,16
1,Low,type2,0,0,16
1,Low,type3,0,0,16
1,Low,type3,0,0,16
1,Low,type1,1,0,18
1,Low,type2,1,0,18
1,Low,type3,1,0,17
1,Low,type3,1,0,17
1,Low,type1,2,0,16
1,Low,type1,2,0,16
1,Low,type2,2,0,16
1,Low,type3,2,0,18
1,Low,type1,3,0,16
1,Low,type1,3,0,16
1,Low,type2,3,0,17
1,Low,type3,3,0,18
1,Low,type1,0,1,18
1,Low,type1,0,1,18
1,Low,type2,0,1,18
1,Low,type2,0,1,18
1,Low,type3,0,1,19
1,Low,type3,0,1,19
1,Low,type1,1,1,18
1,Low,type1,1,1,18
1,Low,type2,1,1,19
1,Low,type3,1,1,20
1,Low,type1,2,1,18
1,Low,type2,2,1,18
1,Low,type3,2,1,16
1,Low,type3,2,1,16
1,Low,type1,3,1,17
1,Low,type2,3,1,17
1,Low,type2,3,1,17
1,Low,type3,3,1,16
1,Low,type3,3,1,16
1,Low,type1,0,2,18
1,Low,type1,0,2,18
1,Low,type2,0,2,20
1,Low,type3,0,2,20
1,Low,type3,0,2,20
1,Low,type1,1,2,19
1,Low,type2,1,2,20
1,Low,type2,1,2,20
1,Low,type3,1,2,20
1,Low,type3,1,2,20
1,Low,type1,2,2,16
1,Low,type1,2,2,16
1,Low,type2,2,2,16
1,Low,type3,2,2,19
1,Low,type3,2,2,19
1,Low,type1,3,2,16
1,Low,type1,3,2,16
1,Low,type2,3,2,19
1,Low,type2,3,2,19
1,Low,type3,3,2,20
1,Low,type3,3,2,20
1,Low,type1,0,3,20
1,Low,type1,0,3,20
1,Low,type2,0,3,20
1,Low,type3,0,3,19
1,Low,type3,0,3,19
1,Low,type1,1,3,20
1,Low,type2,1,3,18
1,Low,type2,1,3,18
1,Low,type3,1,3,17
1,Low,type3,1,3,17
1,Low,type1,2,3,20
1,Low,type2,2,3,17
1,Low,type3,2,3,16
1,Low,type1,3,3,19
1,Low,type2,3,3,18
1,Low,type3,3,3,18
2,Low,type1,0,0,20
2,Low,type2,0,0,20
2,Low,type3,0,0,18
2,Low,type3,0,0,18
2,Low,type1,1,0,18
2,Low,type2,1,0,20
2,Low,type2,1,0,20
2,Low,type3,1,0,20
2,Low,type3,1,0,20
2,Low,type1,2,0,18
2,Low,type2,2,0,16
2,Low,type3,2,0,17
2,Low,type1,3,0,20
2,Low,type1,3,0,20
2,Low,type2,3,0,20
2,Low,type2,3,0,20
2,Low,type3,3,0,19
2,Low,type1,0,1,19
2,Low,type2,0,1,20
2,Low,type3,0,1,20
2,Low,type1,1,1,20
2,Low,type2,1,1,17
2,Low,type2,1,1,17
2,Low,type3,1,1,16
2,Low,type1,2,1,20
2,Low,type1,2,1,20
2,Low,type2,2,1,17
2,Low,type3,2,1,20
2,Low,type3,2,1,20
2,Low,type1,3,1,19
2,Low,type1,3,1,19
2,Low,type2,3,1,17
2,Low,type3,3,1,19
2,Low,type3,3,1,19
2,Low,type1,0,2,19
2,Low,type2,0,2,16
2,Low,type3,0,2,19
2,Low,type3,0,2,19
2,Low,type1,1,2,19
2,Low,type2,1,2,17
2,Low,type3,1,2,20
2,Low,type1,2,2,20
2,Low,type2,2,2,17
2,Low,type2,2,2,17
2,Low,type3,2,2,20
2,Low,type3,2,2,20
2,Low,type1,3,2,16
2,Low,type2,3,2,17
2,Low,type2,3,2,17
2,Low,type3,3,2,16
2,Low,type1,0,3,17
2,Low,type1,0,3,17
2,Low,type2,0,3,17
2,Low,type3,0,3,16
2,Low,type1,1,3,17
2,Low,type2,1,3,20
2,Low,type3,1,3,16
2,Low,type3,1,3,16
2,Low,type1,2,3,19
2,Low,type2,2,3,18
2,Low,type3,2,3,17
2,Low,type1,3,3,16
2,Low,type1,3,3,16
2,Low,type2,3,3,16
2,Low,type2,3,3,16
2,Low,type3,3,3,19
3,Low,type1,0,0,19
3,Low,type1,0,0,19
3,Low,type2,0,0,16
3,Low,type3,0,0,18
3,Low,type3,0,0,18
3,Low,type1,1,0,18
3,Low,type2,1,0,20
3,Low,type3,1,0,18
3,Low,type1,2,0,19
3,Low,type2,2,0,18
3,Low,type2,2,0,18
3,Low,type3,2,0,18
3,Low,type1,3,0,19
3,Low,type1,3,0,19
3,Low,type2,3,0,20
3,Low,type3,3,0,18
3,Low,type1,0,1,16
3,Low,type2,0,1,16
3,Low,type3,0,1,16
3,Low,type1,1,1,19
3,Low,type1,1,1,19
3,Low,type2,1,1,18
3,Low,type3,1,1,20
3,Low,type1,2,1,16
3,Low,type1,2,1,16
3,Low,type2,2,1,16
3,Low,type2,2,1,16
3,Low,type3,2,1,20
3,Low,type1,3,1,17
3,Low,type2,3,1,17
3,Low,type2,3,1,17
3,Low,type3,3,1,19
3,Low,type1,0,2,18
3,Low,type2,0,2,16
3,Low,type3,0,2,16
3,Low,type3,0,2,16
3,Low,type1,1,2,18
3,Low,type2,1,2,20
3,Low,type2,1,2,20
3,Low,type3,1,2,20
3,Low,type1,2,2,17
3,Low,type2,2,2,19
3,Low,type2,2,2,19
3,Low,type3,2,2,18
3,Low,type1,3,2,20
3,Low,type1,3,2,20
3,Low,type2,3,2,20
3,Low,type3,3,2,16
3,Low,type3,3,2,16
3,Low,type1,0,3,20
3,Low,type2,0,3,17
3,Low,type3,0,3,18
3,Low,type1,1,3,16
3,Low,type1,1,3,16
3,Low,type2,1,3,18
3,Low,type2,1,3,18
3,Low,type3,1,3,16
3,Low,type3,1,3,16
3,Low,type1,2,3,20
3,Low,type1,2,3,20
3,Low,type2,2,3,17
3,Low,type2,2,3,17
3,Low,type3,2,3,19
3,Low,type3,2,3,19
3,Low,type1,3,3,19
3,Low,type2,3,3,18
3,Low,type3,3,3,17
3,Low,type3,3,3,17
1,High,type1,0,0,22
1,High,type1,0,0,22
1,High,type2,0,0,23
1,High,type3,0,0,21
1,High,type3,0,0,21
1,High,type1,1,0,23
1,High,type2,1,0,23
1,High,type2,1,0,23
1,High,type3,1,0,25
1,High,type1,2,0,21
1,High,type1,2,0,21
1,High,type2,2,0,24
1,High,type2,2,0,24
1,High,type3,2,0,22
1,High,type1,3,0,25
1,High,type2,3,0,24
1,High,type3,3,0,21
1,High,type1,0,1,23
1,High,type1,0,1,23
1,High,type2,0,1,21
1,High,type3,0,1,21
1,High,type3,0,1,21
1,High,type1,1,1,25
1,High,type1,1,1,25
1,High,type2,1,1,21
1,High,type3,1,1,24
1,High,type1,2,1,22
1,High,type2,2,1,21
1,High,type3,2,1,23
1,High,type1,3,1,25
1,High,type2,3,1,22
1,High,type2,3,1,22
1,High,type3,3,1,21
1,High,type1,0,2,22
1,High,type2,0,2,24
1,High,type3,0,2,21
1,High,type1,1,2,24
1,High,type2,1,2,22
1,High,type3,1,2,25
1,High,type1,2,2,23
1,High,type1,2,2,23
1,High,type2,2,2,21
1,High,type2,2,2,21
1,High,type3,2,2,25
1,High,type3,2,2,25
1,High,type1,3,2,23
1,High,type2,3,2,24
1,High,type2,3,2,24
1,High,type3,3,2,21
1,High,type3,3,2,21
1,High,type1,0,3,24
1,High,type1,0,3,24
1,High,type2,0,3,21
1,High,type3,0,3,21
1,High,type1,1,3,21
1,High,type2,1,3,24
1,High,type2,1,3,24
1,High,type3,1,3,23
1,High,type3,1,3,23
1,High,type1,2,3,23
1,High,type1,2,3,23
1,High,type2,2,3,23
1,High,type2,2,3,23
1,High,type3,2,3,21
1,High,type1,3,3,21
1,High,type2,3,3,23
1,High,type3,3,3,24
2,High,type1,0,0,25
2,High,type1,0,0,25
2,High,type2,0,0,25
2,High,type3,0,0,22
2,High,type1,1,0,22
2,High,type1,1,0,22
2,High,type2,1,0,25
2,High,type3,1,0,21
2,High,type1,2,0,25
2,High,type2,2,0,22
2,High,type3,2,0,25
2,High,type1,3,0,25
2,High,type1,3,0,25
2,High,type2,3,0,22
2,High,type3,3,0,25
2,High,type1,0,1,23
2,High,type1,0,1,23
2,High,type2,0,1,23
2,High,type2,0,1,23
2,High,type3,0,1,24
2,High,type1,1,1,23
2,High,type1,1,1,23
2,High,type2,1,1,23
2,High,type3,1,1,22
2,High,type3,1,1,22
2,High,type1,2,1,23
2,High,type1,2,1,23
2,High,type2,2,1,22
2,High,type2,2,1,22
2,High,type3,2,1,24
2,High,type1,3,1,23
2,High,type1,3,1,23
2,High,type2,3,1,22
2,High,type3,3,1,25
2,High,type1,0,2,21
2,High,type1,0,2,21
2,High,type2,0,2,22
2,High,type2,0,2,22
2,High,type3,0,2,25
2,High,type1,1,2,25
2,High,type2,1,2,21
2,High,type3,1,2,24
2,High,type1,2,2,22
2,High,type1,2,2,22
2,High,type2,2,2,22
2,High,type3,2,2,22
2,High,type3,2,2,22
2,High,type1,3,2,21
2,High,type2,3,2,24
2,High,type3,3,2,25
2,High,type1,0,3,23
2,High,type1,0,3,23
2,High,type2,0,3,22
2,High,type2,0,3,22
2,High,type3,0,3,24
2,High,type1,1,3,23
2,High,type1,1,3,23
2,High,type2,1,3,23
2,High,type2,1,3,23
2,High,type3,1,3,23
2,High,type1,2,3,25
2,High,type2,2,3,24
2,High,type2,2,3,24
2,High,type3,2,3,23
2,High,type1,3,3,24
2,High,type1,3,3,24
2,High,type2,3,3,24
2,High,type2,3,3,24
2,High,type3,3,3,22
3,High,type1,0,0,22
3,High,type1,0,0,22
3,High,type2,0,0,23
3,High,type3,0,0,24
3,High,type1,1,0,21
3,High,type1,1,0,21
3,High,type2,1,0,24
3,High,type3,1,0,24
3,High,type3,1,0,24
3,High,type1,2,0,23
3,High,type2,2,0,23
3,High,type3,2,0,24
3,High,type3,2,0,24
3,High,type1,3,0,23
3,High,type1,3,0,23
3,High,type2,3,0,22
3,High,type3,3,0,22
3,High,type3,3,0,22
3,High,type1,0,1,21
3,High,type2,0,1,24
3,High,type2,0,1,24
3,High,type3,0,1,22
3,High,type1,1,1,25
3,High,type1,1,1,25
3,High,type2,1,1,22
3,High,type3,1,1,24
3,High,type3,1,1,24
3,High,type1,2,1,22
3,High,type2,2,1,21
3,High,type3,2,1,23
3,High,type3,2,1,23
3,High,type1,3,1,24
3,High,type2,3,1,25
3,High,type2,3,1,25
3,High,type3,3,1,25
3,High,type3,3,1,25
3,High,type1,0,2,22
3,High,type1,0,2,22
3,High,type2,0,2,25
3,High,type2,0,2,25
3,High,type3,0,2,21
3,High,type1,1,2,22
3,High,type1,1,2,22
3,High,type2,1,2,22
3,High,type2,1,2,22
3,High,type3,1,2,22
3,High,type1,2,2,22
3,High,type1,2,2,22
3,High,type2,2,2,23
3,High,type2,2,2,23
3,High,type3,2,2,22
3,High,type1,3,2,23
3,High,type2,3,2,25
3,High,type2,3,2,25
3,High,type3,3,2,24
3,High,type1,0,3,25
3,High,type2,0,3,21
3,High,type2,0,3,21
3,High,type3,0,3,25
3,High,type1,1,3,25
3,High,type2,1,3,25
3,High,type2,1,3,25
3,High,type3,1,3,22
3,High,type1,2,3,23
3,High,type1,2,3,23
3,High,type2,2,3,25
3,High,type3,2,3,25
3,High,type1,3,3,24
3,High,type1,3,3,24
3,High,type2,3,3,21
3,High,type3,3,3,24
1,Low,type1,0,0,21
1,Low,type1,0,0,21
1,Low,type2,0,0,25
1,Low,type3,0,0,21
1,Low,type1,1,0,25
1,Low,type1,1,0,25
1,Low,type2,1,0,24
1,Low,type2,1,0,24
1,Low,type3,1,0,23
1,Low,type3,1,0,23
1,Low,type1,2,0,21
1,Low,type1,2,0,21
1,Low,type2,2,0,22
1,Low,type2,2,0,22
1,Low,type3,2,0,21
1,Low,type1,3,0,22
1,Low,type2,3,0,21
1,Low,type3,3,0,25
1,Low,type3,3,0,25
1,Low,type1,0,1,21
1,Low,type2,0,1,23
1,Low,type3,0,1,21
1,Low,type1,1,1,24
1,Low,type2,1,1,21
1,Low,type2,1,1,21
1,Low,type3,1,1,22
1,Low,type3,1,1,22
1,Low,type1,2,1,24
1,Low,type2,2,1,21
1,Low,type2,2,1,21
1,Low,type3,2,1,21
1,Low,type1,3,1,22
1,Low,type2,3,1,24
1,Low,type3,3,1,23
1,Low,type3,3,1,23
1,Low,type1,0,2,23
1,Low,type1,0,2,23
1,Low,type2,0,2,23
1,Low,type2,0,2,23
1,Low,type3,0,2,21
1,Low,type3,0,2,21
1,Low,type1,1,2,21
1,Low,type1,1,2,21
1,Low,type2,1,2,24
1,Low,type3,1,2,23
1,Low,type1,2,2,24
1,Low,type1,2,2,24
1,Low,type2,2,2,22
1,Low,type3,2,2,24
1,Low,type1,3,2,21
1,Low,type1,3,2,21
1,Low,type2,3,2,25
1,Low,type3,3,2,24
1,Low,type3,3,2,24
1,Low,type1,0,3,24
1,Low,type1,0,3,24
1,Low,type2,0,3,25
1,Low,type3,0,3,25
1,Low,type1,1,3,21
1,Low,type2,1,3,25
1,Low,type3,1,3,25
1,Low,type3,1,3,25
1,Low,type1,2,3,23
1,Low,type1,2,3,23
1,Low,type2,2,3,24
1,Low,type2,2,3,24
1,Low,type3,2,3,21
1,Low,type1,3,3,24
1,Low,type1,3,3,24
1,Low,type2,3,3,22
1,Low,type3,3,3,24
2,Low,type1,0,0,22
2,Low,type2,0,0,25
2,Low,type3,0,0,24
2,Low,type1,1,0,24
2,Low,type1,1,0,24
2,Low,type2,1,0,23
2,Low,type2,1,0,23
2,Low,type3,1,0,24
2,Low,type3,1,0,24
2,Low,type1,2,0,21
2,Low,type1,2,0,21
2,Low,type2,2,0,24
2,Low,type2,2,0,24
2,Low,type3,2,0,25
2,Low,type3,2,0,25
2,Low,type1,3,0,25
2,Low,type1,3,0,25
2,Low,type2,3,0,21
2,Low,type2,3,0,21
2,Low,type3,3,0,24
2,Low,type3,3,0,24
2,Low,type1,0,1,25
2,Low,type2,0,1,23
2,Low,type2,0,1,23
2,Low,type3,0,1,22
2,Low,type1,1,1,21
2,Low,type2,1,1,22
2,Low,type2,1,1,22
2,Low,type3,1,1,24
2,Low,type1,2,1,22
2,Low,type1,2,1,22
2,Low,type2,2,1,25
2,Low,type3,2,1,22
2,Low,type1,3,1,24
2,Low,type2,3,1,24
2,Low,type3,3,1,24
2,Low,type1,0,2,21
2,Low,type2,0,2,23
2,Low,type2,0,2,23
2,Low,type3,0,2,21
2,Low,type3,0,2,21
2,Low,type1,1,2,24
2,Low,type1,1,2,24
2,Low,type2,1,2,24
2,Low,type3,1,2,25
2,Low,type1,2,2,25
2,Low,type1,2,2,25
2,Low,type2,2,2,24
2,Low,type2,2,2,24
2,Low,type3,2,2,25
2,Low,type1,3,2,25
2,Low,type2,3,2,21
2,Low,type2,3,2,21
2,Low,type3,3,2,22
2,Low,type1,0,3,24
2,Low,type2,0,3,21
2,Low,type2,0,3,21
2,Low,type3,0,3,25
2,Low,type3,0,3,25
2,Low,type1,1,3,25
2,Low,type1,1,3,25
2,Low,type2,1,3,23
2,Low,type2,1,3,23
2,Low,type3,1,3,21
2,Low,type3,1,3,21
2,Low,type1,2,3,23
2,Low,type1,2,3,23
2,Low,type2,2,3,22
2,Low,type2,2,3,22
2,Low,type3,2,3,24
2,Low,type3,2,3,24
2,Low,type1,3,3,24
2,Low,type1,3,3,24
2,Low,type2,3,3,22
2,Low,type3,3,3,23
2,Low,type3,3,3,23
3,Low,type1,0,0,23
3,Low,type1,0,0,23
3,Low,type2,0,0,25
3,Low,type2,0,0,25
3,Low,type3,0,0,22
3,Low,type3,0,0,22
3,Low,type1,1,0,25
3,Low,type2,1,0,21
3,Low,type2,1,0,21
3,Low,type3,1,0,22
3,Low,type1,2,0,25
3,Low,type2,2,0,21
3,Low,type2,2,0,21
3,Low,type3,2,0,22
3,Low,type1,3,0,21
3,Low,type1,3,0,21
3,Low,type2,3,0,23
3,Low,type3,3,0,23
3,Low,type3,3,0,23
3,Low,type1,0,1,24
3,Low,type1,0,1,24
3,Low,type2,0,1,24
3,Low,type2,0,1,24
3,Low,type3,0,1,25
3,Low,type1,1,1,22
3,Low,type2,1,1,22
3,Low,type2,1,1,22
3,Low,type3,1,1,22
3,Low,type3,1,1,22
3,Low,type1,2,1,24
3,Low,type2,2,1,22
3,Low,type3,2,1,24
3,Low,type1,3,1,25
3,Low,type1,3,1,25
3,Low,type2,3,1,24
3,Low,type3,3,1,25
3,Low,type3,3,1,25
3,Low,type1,0,2,24
3,Low,type1,0,2,24
3,Low,type2,0,2,23
3,Low,type2,0,2,23
3,Low,type3,0,2,24
3,Low,type3,0,2,24
3,Low,type1,1,2,25
3,Low,type1,1,2,25
3,Low,type2,1,2,21
3,Low,type3,1,2,22
3,Low,type3,1,2,22
3,Low,type1,2,2,21
3,Low,type2,2,2,22
3,Low,type3,2,2,21
3,Low,type3,2,2,21
3,Low,type1,3,2,25
3,Low,type1,3,2,25
3,Low,type2,3,2,25
3,Low,type3,3,2,23
3,Low,type1,0,3,24
3,Low,type1,0,3,24
3,Low,type2,0,3,25
3,Low,type3,0,3,22
3,Low,type3,0,3,22
3,Low,type1,1,3,25
3,Low,type2,1,3,24
3,Low,type3,1,3,21
3,Low,type3,1,3,21
3,Low,type1,2,3,22
3,Low,type2,2,3,24
3,Low,type2,2,3,24
3,Low,type3,2,3,24
3,Low,type3,2,3,24
3,Low,type1,3,3,23
3,Low,type2,3,3,25
3,Low,type3,3,3,24
1,High,type1,0,0,27
1,High,type1,0,0,27
1,High,type2,0,0,28
1,High,type2,0,0,28
1,High,type3,0,0,30
1,High,type3,0,0,30
1,High,type1,1,0,29
1,High,type1,1,0,29
1,High,type2,1,0,29
1,High,type2,1,0,29
1,High,type3,1,0,29
1,High,type1,2,0,26
1,High,type2,2,0,26
1,High,type2,2,0,26
1,High,type3,2,0,30
1,High,type3,2,0,30
1,High,type1,3,0,29
1,High,type2,3,0,27
1,High,type3,3,0,26
1,High,type1,0,1,26
1,High,type2,0,1,30
1,High,type3,0,1,29
1,High,type3,0,1,29
1,High,type1,1,1,27
1,High,type2,1,1,26
1,High,type2,1,1,26
1,High,type3,1,1,28
1,High,type3,1,1,28
1,High,type1,2,1,28
1,High,type1,2,1,28
1,High,type2,2,1,28
1,High,type2,2,1,28
1,High,type3,2,1,26
1,High,type3,2,1,26
1,High,type1,3,1,29
1,High,type2,3,1,30
1,High,type3,3,1,30
1,High,type1,0,2,29
1,High,type2,0,2,29
1,High,type3,0,2,30
1,High,type3,0,2,30
1,High,type1,1,2,28
1,High,type2,1,2,26
1,High,type3,1,2,29
1,High,type1,2,2,27
1,High,type2,2,2,26
1,High,type3,2,2,30
1,High,type1,3,2,27
1,High,type2,3,2,26
1,High,type2,3,2,26
1,High,type3,3,2,29
1,High,type3,3,2,29
1,High,type1,0,3,29
1,High,type1,0,3,29
1,High,type2,0,3,29
1,High,type3,0,3,29
1,High,type1,1,3,29
1,High,type2,1,3,30
1,High,type3,1,3,26
1,High,type1,2,3,27
1,High,type1,2,3,27
1,High,type2,2,3,27
1,High,type3,2,3,30
1,High,type1,3,3,27
1,High,type1,3,3,27
1,High,type2,3,3,27
1,High,type2,3,3,27
1,High,type3,3,3,27
1,High,type3,3,3,27
2,High,type1,0,0,27
2,High,type1,0,0,27
2,High,type2,0,0,27
2,High,type3,0,0,29
2,High,type1,1,0,28
2,High,type1,1,0,28
2,High,type2,1,0,27
2,High,type3,1,0,28
2,High,type1,2,0,26
2,High,type2,2,0,27
2,High,type2,2,0,27
2,High,type3,2,0,28
2,High,type3,2,0,28
2,High,type1,3,0,28
2,High,type1,3,0,28
2,High,type2,3,0,30
2,High,type3,3,0,26
2,High,type1,0,1,27
2,High,type2,0,1,30
2,High,type2,0,1,30
2,High,type3,0,1,26
2,High,type1,1,1,27
2,High,type1,1,1,27
2,High,type2,1,1,28
2,High,type2,1,1,28
2,High,type3,1,1,29
2,High,type3,1,1,29
2,High,type1,2,1,30
2,High,type1,2,1,30
2,High,type2,2,1,30
2,High,type2,2,1,30
2,High,type3,2,1,29
2,High,type1,3,1,30
2,High,type2,3,1,29
2,High,type2,3,1,29
2,High,type3,3,1,27
2,High,type3,3,1,27
2,High,type1,0,2,27
2,High,type1,0,2,27
2,High,type2,0,2,30
2,High,type2,0,2,30
2,High,type3,0,2,28
2,High,type3,0,2,28
2,High,type1,1,2,30
2,High,type1,1,2,30
2,High,type2,1,2,29
2,High,type2,1,2,29
2,High,type3,1,2,26
2,High,type3,1,2,26
2,High,type1,2,2,29
2,High,type2,2,2,26
2,High,type2,2,2,26
2,High,type3,2,2,29
2,High,type1,3,2,26
2,High,type2,3,2,27
2,High,type3,3,2,28
2,High,type3,3,2,28
2,High,type1,0,3,27
2,High,type2,0,3,27
2,High,type3,0,3,28
2,High,type1,1,3,30
2,High,type2,1,3,26
2,High,type2,1,3,26
2,High,type3,1,3,30
2,High,type3,1,3,30
2,High,type1,2,3,26
2,High,type2,2,3,30
2,High,type2,2,3,30
2,High,type3,2,3,30
2,High,type1,3,3,27
2,High,type1,3,3,27
2,High,type2,3,3,27
2,High,type3,3,3,29
3,High,type1,0,0,28
3,High,type1,0,0,28
3,High,type2,0,0,30
3,High,type2,0,0,30
3,High,type3,0,0,27
3,High,type1,1,0,28
3,High,type1,1,0,28
3,High,type2,1,0,27
3,High,type3,1,0,29
3,High,type1,2,0,26
3,High,type2,2,0,27
3,High,type2,2,0,27
3,High,type3,2,0,29
3,High,type3,2,0,29
3,High,type1,3,0,29
3,High,type2,3,0,29
3,High,type3,3,0,26
3,High,type3,3,0,26
3,High,type1,0,1,26
3,High,type1,0,1,26
3,High,type2,0,1,29
3,High,type2,0,1,29
3,High,type3,0,1,30
3,High,type1,1,1,26
3,High,type2,1,1,28
3,High,type3,1,1,30
3,High,type3,1,1,30
3,High,type1,2,1,30
3,High,type1,2,1,30
3,High,type2,2,1,26
3,High,type3,2,1,28
3,High,type3,2,1,28
3,High,type1,3,1,27
3,High,type1,3,1,27
3,High,type2,3,1,29
3,High,type3,3,1,27
3,High,type1,0,2,28
3,High,type1,0,2,28
3,High,type2,0,2,27
3,High,type3,0,2,30
3,High,type1,1,2,26
3,High,type2,1,2,29
3,High,type3,1,2,29
3,High,type3,1,2,29
3,High,type1,2,2,29
3,High,type1,2,2,29
3,High,type2,2,2,28
3,High,type3,2,2,28
3,High,type3,2,2,28
3,High,type1,3,2,30
3,High,type2,3,2,30
3,High,type2,3,2,30
3,High,type3,3,2,29
3,High,type3,3,2,29
3,High,type1,0,3,27
3,High,type1,0,3,27
3,High,type2,0,3,29
3,High,type3,0,3,27
3,High,type1,1,3,30
3,High,type1,1,3,30
3,High,type2,1,3,28
3,High,type3,1,3,28
3,High,type3,1,3,28
3,High,type1,2,3,26
3,High,type2,2,3,30
3,High,type2,2,3,30
3,High,type3,2,3,26
3,High,type1,3,3,28
3,High,type1,3,3,28
3,High,type2,3,3,30
3,High,type2,3,3,30
3,High,type3,3,3,26
1,Low,type1,0,0,28
1,Low,type1,0,0,28
1,Low,type2,0,0,29
1,Low,type3,0,0,28
1,Low,type1,1,0,29
1,Low,type1,1,0,29
1,Low,type2,1,0,28
1,Low,type2,1,0,28
1,Low,type3,1,0,30
1,Low,type3,1,0,30
1,Low,type1,2,0,29
1,Low,type2,2,0,30
1,Low,type2,2,0,30
1,Low,type3,2,0,29
1,Low,type3,2,0,29
1,Low,type1,3,0,30
1,Low,type1,3,0,30
1,Low,type2,3,0,27
1,Low,type2,3,0,27
1,Low,type3,3,0,26
1,Low,type3,3,0,26
1,Low,type1,0,1,29
1,Low,type2,0,1,30
1,Low,type3,0,1,26
1,Low,type1,1,1,28
1,Low,type2,1,1,27
1,Low,type2,1,1,27
1,Low,type3,1,1,30
1,Low,type1,2,1,26
1,Low,type1,2,1,26
1,Low,type2,2,1,26
1,Low,type3,2,1,26
1,Low,type1,3,1,28
1,Low,type1,3,1,28
1,Low,type2,3,1,29
1,Low,type3,3,1,26
1,Low,type1,0,2,29
1,Low,type1,0,2,29
1,Low,type2,0,2,29
1,Low,type3,0,2,26
1,Low,type3,0,2,26
1,Low,type1,1,2,28
1,Low,type2,1,2,28
1,Low,type3,1,2,30
1,Low,type1,2,2,30
1,Low,type1,2,2,30
1,Low,type2,2,2,29
1,Low,type2,2,2,29
1,Low,type3,2,2,30
1,Low,type1,3,2,30
1,Low,type1,3,2,30
1,Low,type2,3,2,30
1,Low,type2,3,2,30
1,Low,type3,3,2,28
1,Low,type1,0,3,28
1,Low,type1,0,3,28
1,Low,type2,0,3,27
1,Low,type3,0,3,30
1,Low,type3,0,3,30
1,Low,type1,1,3,29
1,Low,type1,1,3,29
1,Low,type2,1,3,29
1,Low,type3,1,3,28
1,Low,type1,2,3,28
1,Low,type1,2,3,28
1,Low,type2,2,3,29
1,Low,type2,2,3,29
1,Low,type3,2,3,27
1,Low,type3,2,3,27
1,Low,type1,3,3,30
1,Low,type1,3,3,30
1,Low,type2,3,3,29
1,Low,type2,3,3,29
1,Low,type3,3,3,30
1,Low,type3,3,3,30
2,Low,type1,0,0,26
2,Low,type2,0,0,29
2,Low,type2,0,0,29
2,Low,type3,0,0,27
2,Low,type3,0,0,27
2,Low,type1,1,0,28
2,Low,type1,1,0,28
2,Low,type2,1,0,30
2,Low,type3,1,0,30
2,Low,type1,2,0,26
2,Low,type2,2,0,27
2,Low,type2,2,0,27
2,Low,type3,2,0,29
2,Low,type3,2,0,29
2,Low,type1,3,0,30
2,Low,type2,3,0,26
2,Low,type2,3,0,26
2,Low,type3,3,0,28
2,Low,type3,3,0,28
2,Low,type1,0,1,28
2,Low,type1,0,1,28
2,Low,type2,0,1,27
2,Low,type3,0,1,30
2,Low,type3,0,1,30
2,Low,type1,1,1,26
2,Low,type1,1,1,26
2,Low,type2,1,1,29
2,Low,type2,1,1,29
2,Low,type3,1,1,26
2,Low,type1,2,1,28
2,Low,type2,2,1,26
2,Low,type3,2,1,27
2,Low,type1,3,1,30
2,Low,type2,3,1,26
2,Low,type3,3,1,28
2,Low,type3,3,1,28
2,Low,type1,0,2,30
2,Low,type1,0,2,30
2,Low,type2,0,2,26
2,Low,type2,0,2,26
2,Low,type3,0,2,26
2,Low,type3,0,2,26
2,Low,type1,1,2,26
2,Low,type1,1,2,26
2,Low,type2,1,2,28
2,Low,type2,1,2,28
2,Low,type3,1,2,26
2,Low,type1,2,2,29
2,Low,type2,2,2,26
2,Low,type3,2,2,26
2,Low,type3,2,2,26
2,Low,type1,3,2,28
2,Low,type1,3,2,28
2,Low,type2,3,2,28
2,Low,type2,3,2,28
2,Low,type3,3,2,28
2,Low,type3,3,2,28
2,Low,type1,0,3,28
2,Low,type1,0,3,28
2,Low,type2,0,3,28
2,Low,type3,0,3,28
2,Low,type1,1,3,29
2,Low,type2,1,3,29
2,Low,type3,1,3,27
2,Low,type1,2,3,27
2,Low,type2,2,3,30
2,Low,type2,2,3,30
2,Low,type3,2,3,29
2,Low,type3,2,3,29
2,Low,type1,3,3,30
2,Low,type1,3,3,30
2,Low,type2,3,3,27
2,Low,type3,3,3,26
3,Low,type1,0,0,29
3,Low,type2,0,0,27
3,Low,type2,0,0,27
3,Low,type3,0,0,28
3,Low,type1,1,0,30
3,Low,type2,1,0,29
3,Low,type3,1,0,28
3,Low,type3,1,0,28
3,Low,type1,2,0,27
3,Low,type2,2,0,27
3,Low,type3,2,0,26
3,Low,type3,2,0,26
3,Low,type1,3,0,30
3,Low,type1,3,0,30
3,Low,type2,3,0,27
3,Low,type2,3,0,27
3,Low,type3,3,0,26
3,Low,type3,3,0,26
3,Low,type1,0,1,28
3,Low,type1,0,1,28
3,Low,type2,0,1,26
3,Low,type3,0,1,28
3,Low,type3,0,1,28
3,Low,type1,1,1,28
3,Low,type2,1,1,29
3,Low,type2,1,1,29
3,Low,type3,1,1,28
3,Low,type3,1,1,28
3,Low,type1,2,1,28
3,Low,type1,2,1,28
3,Low,type2,2,1,27
3,Low,type2,2,1,27
3,Low,type3,2,1,29
3,Low,type3,2,1,29
3,Low,type1,3,1,28
3,Low,type2,3,1,27
3,Low,type2,3,1,27
3,Low,type3,3,1,27
3,Low,type3,3,1,27
3,Low,type1,0,2,28
3,Low,type2,0,2,30
3,Low,type3,0,2,30
3,Low,type1,1,2,28
3,Low,type1,1,2,28
3,Low,type2,1,2,30
3,Low,type2,1,2,30
3,Low,type3,1,2,28
3,Low,type3,1,2,28
3,Low,type1,2,2,30
3,Low,type2,2,2,29
3,Low,type3,2,2,30
3,Low,type3,2,2,30
3,Low,type1,3,2,30
3,Low,type2,3,2,28
3,Low,type3,3,2,26
3,Low,type3,3,2,26
3,Low,type1,0,3,26
3,Low,type1,0,3,26
3,Low,type2,0,3,29
3,Low,type3,0,3,27
3,Low,type3,0,3,27
3,Low,type1,1,3,27
3,Low,type1,1,3,27
3,Low,type2,1,3,28
3,Low,type3,1,3,28
3,Low,type1,2,3,27
3,Low,type2,2,3,30
3,Low,type2,2,3,30
3,Low,type3,2,3,26
3,Low,type1,3,3,28
3,Low,type1,3,3,28
3,Low,type2,3,3,28
3,Low,type2,3,3,28
3,Low,type3,3,3,30
1,High,type1,0,0,47
1,High,type1,0,0,47
1,High,type2,0,0,40
1,High,type3,0,0,37
1,High,type1,1,0,31
1,High,type2,1,0,47
1,High,type3,1,0,42
1,High,type3,1,0,42
1,High,type1,2,0,43
1,High,type2,2,0,46
1,High,type2,2,0,46
1,High,type3,2,0,34
1,High,type1,3,0,34
1,High,type2,3,0,33
1,High,type3,3,0,32
1,High,type1,0,1,33
1,High,type1,0,1,33
1,High,type2,0,1,43
1,High,type3,0,1,34
1,High,type3,0,1,34
1,High,type1,1,1,49
1,High,type1,1,1,49
1,High,type2,1,1,42
1,High,type3,1,1,44
1,High,type3,1,1,44
1,High,type1,2,1,32
1,High,type1,2,1,32
1,High,type2,2,1,50
1,High,type3,2,1,48
1,High,type3,2,1,48
1,High,type1,3,1,47
1,High,type1,3,1,47
1,High,type2,3,1,36
1,High,type2,3,1,36
1,High,type3,3,1,32
1,High,type3,3,1,32
1,High,type1,0,2,41
1,High,type1,0,2,41
1,High,type2,0,2,48
1,High,type3,0,2,45
1,High,type1,1,2,49
1,High,type2,1,2,44
1,High,type3,1,2,32
1,High,type3,1,2,32
1,High,type1,2,2,42
1,High,type2,2,2,35
1,High,type2,2,2,35
1,High,type3,2,2,49
1,High,type1,3,2,34
1,High,type2,3,2,46
1,High,type2,3,2,46
1,High,type3,3,2,46
1,High,type1,0,3,50
1,High,type1,0,3,50
1,High,type2,0,3,47
1,High,type3,0,3,42
1,High,type3,0,3,42
1,High,type1,1,3,35
1,High,type2,1,3,43
1,High,type3,1,3,38
1,High,type1,2,3,34
1,High,type2,2,3,34
1,High,type2,2,3,34
1,High,type3,2,3,42
1,High,type1,3,3,31
1,High,type1,3,3,31
1,High,type2,3,3,40
1,High,type3,3,3,34
1,High,type3,3,3,34
2,High,type1,0,0,46
2,High,type1,0,0,46
2,High,type2,0,0,35
2,High,type2,0,0,35
2,High,type3,0,0,46
2,High,type1,1,0,46
2,High,type2,1,0,39
2,High,type3,1,0,46
2,High,type1,2,0,39
2,High,type2,2,0,48
2,High,type2,2,0,48
2,High,type3,2,0,39
2,High,type1,3,0,45
2,High,type2,3,0,42
2,High,type2,3,0,42
2,High,type3,3,0,45
2,High,type3,3,0,45
2,High,type1,0,1,35
2,High,type2,0,1,31
2,High,type3,0,1,34
2,High,type1,1,1,40
2,High,type2,1,1,36
2,High,type2,1,1,36
2,High,type3,1,1,40
2,High,type1,2,1,42
2,High,type2,2,1,47
2,High,type2,2,1,47
2,High,type3,2,1,37
2,High,type1,3,1,37
2,High,type1,3,1,37
2,High,type2,3,1,49
2,High,type3,3,1,32
2,High,type1,0,2,35
2,High,type1,0,2,35
2,High,type2,0,2,31
2,High,type2,0,2,31
2,High,type3,0,2,38
2,High,type3,0,2,38
2,High,type1,1,2,50
2,High,type1,1,2,50
2,High,type2,1,2,48
2,High,type2,1,2,48
2,High,type3,1,2,49
2,High,type3,1,2,49
2,High,type1,2,2,31
2,High,type1,2,2,31
2,High,type2,2,2,48
2,High,type2,2,2,48
2,High,type3,2,2,41
2,High,type3,2,2,41
2,High,type1,3,2,50
2,High,type2,3,2,40
2,High,type2,3,2,40
2,High,type3,3,2,39
2,High,type3,3,2,39
2,High,type1,0,3,31
2,High,type2,0,3,40
2,High,type3,0,3,44
2,High,type1,1,3,47
2,High,type2,1,3,45
2,High,type2,1,3,45
2,High,type3,1,3,35
2,High,type1,2,3,39
2,High,type2,2,3,44
2,High,type2,2,3,44
2,High,type3,2,3,49
2,High,type3,2,3,49
2,High,type1,3,3,42
2,High,type1,3,3,42
2,High,type2,3,3,38
2,High,type2,3,3,38
2,High,type3,3,3,48
3,High,type1,0,0,32
3,High,type2,0,0,44
3,High,type2,0,0,44
3,High,type3,0,0,43
3,High,type3,0,0,43
3,High,type1,1,0,45
3,High,type2,1,0,44
3,High,type2,1,0,44
3,High,type3,1,0,35
3,High,type3,1,0,35
3,High,type1,2,0,45
3,High,type2,2,0,45
3,High,type3,2,0,49
3,High,type3,2,0,49
3,High,type1,3,0,50
3,High,type2,3,0,37
3,High,type2,3,0,37
3,High,type3,3,0,46
3,High,type3,3,0,46
3,High,type1,0,1,36
3,High,type1,0,1,36
3,High,type2,0,1,34
3,High,type2,0,1,34
3,High,type3,0,1,36
3,High,type1,1,1,47
3,High,type2,1,1,36
3,High,type3,1,1,34
3,High,type3,1,1,34
3,High,type1,2,1,38
3,High,type1,2,1,38
3,High,type2,2,1,46
3,High,type2,2,1,46
3,High,type3,2,1,42
3,High,type1,3,1,32
3,High,type2,3,1,39
3,High,type3,3,1,32
3,High,type3,3,1,32
3,High,type1,0,2,40
3,High,type2,0,2,36
3,High,type2,0,2,36
3,High,type3,0,2,49
3,High,type1,1,2,39
3,High,type2,1,2,50
3,High,type3,1,2,33
3,High,type3,1,2,33
3,High,type1,2,2,49
3,High,type2,2,2,47
3,High,type2,2,2,47
3,High,type3,2,2,43
3,High,type1,3,2,47
3,High,type2,3,2,31
3,High,type3,3,2,31
3,High,type1,0,3,43
3,High,type2,0,3,39
3,High,type3,0,3,49
3,High,type3,0,3,49
3,High,type1,1,3,43
3,High,type2,1,3,50
3,High,type2,1,3,50
3,High,type3,1,3,42
3,High,type1,2,3,47
3,High,type1,2,3,47
3,High,type2,2,3,35
3,High,type3,2,3,44
3,High,type3,2,3,44
3,High,type1,3,3,40
3,High,type2,3,3,42
3,High,type2,3,3,42
3,High,type3,3,3,47
3,High,type3,3,3,47
1,Low,type1,0,0,43
1,Low,type2,0,0,34
1,Low,type3,0,0,44
1,Low,type3,0,0,44
1,Low,type1,1,0,39
1,Low,type1,1,0,39
1,Low,type2,1,0,39
1,Low,type3,1,0,44
1,Low,type3,1,0,44
1,Low,type1,2,0,37
1,Low,type1,2,0,37
1,Low,type2,2,0,35
1,Low,type3,2,0,44
1,Low,type3,2,0,44
1,Low,type1,3,0,49
1,Low,type2,3,0,48
1,Low,type3,3,0,48
1,Low,type3,3,0,48
1,Low,type1,0,1,47
1,Low,type2,0,1,32
1,Low,type3,0,1,35
1,Low,type3,0,1,35
1,Low,type1,1,1,33
1,Low,type2,1,1,35
1,Low,type2,1,1,35
1,Low,type3,1,1,31
1,Low,type3,1,1,31
1,Low,type1,2,1,40
1,Low,type1,2,1,40
1,Low,type2,2,1,40
1,Low,type3,2,1,35
1,Low,type1,3,1,32
1,Low,type2,3,1,41
1,Low,type3,3,1,45
1,Low,type1,0,2,50
1,Low,type1,0,2,50
1,Low,type2,0,2,36
1,Low,type2,0,2,36
1,Low,type3,0,2,36
1,Low,type3,0,2,36
1,Low,type1,1,2,45
1,Low,type2,1,2,46
1,Low,type3,1,2,49
1,Low,type3,1,2,49
1,Low,type1,2,2,42
1,Low,type2,2,2,45
1,Low,type2,2,2,45
1,Low,type3,2,2,49
1,Low,type1,3,2,48
1,Low,type2,3,2,34
1,Low,type3,3,2,38
1,Low,type1,0,3,46
1,Low,type2,0,3,46
1,Low,type2,0,3,46
1,Low,type3,0,3,41
1,Low,type1,1,3,49
1,Low,type1,1,3,49
1,Low,type2,1,3,49
1,Low,type2,1,3,49
1,Low,type3,1,3,49
1,Low,type1,2,3,35
1,Low,type1,2,3,35
1,Low,type2,2,3,35
1,Low,type2,2,3,35
1,Low,type3,2,3,42
1,Low,type3,2,3,42
1,Low,type1,3,3,43
1,Low,type2,3,3,49
1,Low,type2,3,3,49
1,Low,type3,3,3,43
2,Low,type1,0,0,36
2,Low,type2,0,0,40
2,Low,type3,0,0,43
2,Low,type1,1,0,41
2,Low,type1,1,0,41
2,Low,type2,1,0,34
2,Low,type3,1,0,45
2,Low,type3,1,0,45
2,Low,type1,2,0,50
2,Low,type2,2,0,43
2,Low,type3,2,0,36
2,Low,type1,3,0,39
2,Low,type1,3,0,39
2,Low,type2,3,0,40
2,Low,type2,3,0,40
2,Low,type3,3,0,39
2,Low,type3,3,0,39
2,Low,type1,0,1,36
2,Low,type2,0,1,44
2,Low,type3,0,1,47
2,Low,type1,1,1,48
2,Low,type2,1,1,39
2,Low,type3,1,1,40
2,Low,type1,2,1,39
2,Low,type2,2,1,34
2,Low,type3,2,1,31
2,Low,type1,3,1,44
2,Low,type1,3,1,44
2,Low,type2,3,1,31
2,Low,type2,3,1,31
2,Low,type3,3,1,37
2,Low,type1,0,2,46
2,Low,type1,0,2,46
2,Low,type2,0,2,32
2,Low,type2,0,2,32
2,Low,type3,0,2,32
2,Low,type1,1,2,42
2,Low,type1,1,2,42
2,Low,type2,1,2,41
2,Low,type2,1,2,41
2,Low,type3,1,2,38
2,Low,type3,1,2,38
2,Low,type1,2,2,35
2,Low,type1,2,2,35
2,Low,type2,2,2,48
2,Low,type3,2,2,44
2,Low,type3,2,2,44
2,Low,type1,3,2,41
2,Low,type1,3,2,41
2,Low,type2,3,2,36
2,Low,type2,3,2,36
2,Low,type3,3,2,42
2,Low,type1,0,3,46
2,Low,type2,0,3,36
2,Low,type3,0,3,39
2,Low,type1,1,3,34
2,Low,type1,1,3,34
2,Low,type2,1,3,49
2,Low,type3,1,3,36
2,Low,type3,1,3,36
2,Low,type1,2,3,39
2,Low,type2,2,3,47
2,Low,type2,2,3,47
2,Low,type3,2,3,32
2,Low,type3,2,3,32
2,Low,type1,3,3,36
2,Low,type1,3,3,36
2,Low,type2,3,3,46
2,Low,type3,3,3,40
3,Low,type1,0,0,49
3,Low,type2,0,0,43
3,Low,type2,0,0,43
3,Low,type3,0,0,33
3,Low,type1,1,0,40
3,Low,type1,1,0,40
3,Low,type2,1,0,46
3,Low,type2,1,0,46
3,Low,type3,1,0,49
3,Low,type1,2,0,36
3,Low,type2,2,0,47
3,Low,type2,2,0,47
3,Low,type3,2,0,35
3,Low,type1,3,0,47
3,Low,type1,3,0,47
3,Low,type2,3,0,46
3,Low,type2,3,0,46
3,Low,type3,3,0,39
3,Low,type1,0,1,31
3,Low,type1,0,1,31
3,Low,type2,0,1,34
3,Low,type3,0,1,47
3,Low,type1,1,1,33
3,Low,type1,1,1,33
3,Low,type2,1,1,33
3,Low,type3,1,1,39
3,Low,type1,2,1,39
3,Low,type2,2,1,42
3,Low,type2,2,1,42
3,Low,type3,2,1,42
3,Low,type3,2,1,42
3,Low,type1,3,1,44
3,Low,type2,3,1,41
3,Low,type2,3,1,41
3,Low,type3,3,1,37
3,Low,type3,3,1,37
3,Low,type1,0,2,36
3,Low,type1,0,2,36
3,Low,type2,0,2,43
3,Low,type2,0,2,43
3,Low,type3,0,2,40
3,Low,type1,1,2,31
3,Low,type2,1,2,33
3,Low,type2,1,2,33
3,Low,type3,1,2,35
3,Low,type1,2,2,42
3,Low,type2,2,2,46
3,Low,type3,2,2,46
3,Low,type1,3,2,44
3,Low,type2,3,2,50
3,Low,type3,3,2,40
3,Low,type3,3,2,40
3,Low,type1,0,3,35
3,Low,type1,0,3,35
3,Low,type2,0,3,33
3,Low,type2,0,3,33
3,Low,type3,0,3,36
3,Low,type3,0,3,36
3,Low,type1,1,3,32
3,Low,type2,1,3,34
3,Low,type3,1,3,34
3,Low,type3,1,3,34
3,Low,type1,2,3,32
3,Low,type2,2,3,31
3,Low,type3,2,3,48
3,Low,type1,3,3,33
3,Low,type1,3,3,33
3,Low,type2,3,3,31
3,Low,type2,3,3,31
3,Low,type3,3,3,36
3,Low,type3,3,3,36
1,High,type1,0,0,55
1,High,type2,0,0,59
1,High,type2,0,0,59
1,High,type3,0,0,52
1,High,type3,0,0,52
1,High,type1,1,0,59
1,High,type1,1,0,59
1,High,type2,1,0,60
1,High,type3,1,0,58
1,High,type1,2,0,51
1,High,type2,2,0,56
1,High,type2,2,0,56
1,High,type3,2,0,52
1,High,type1,3,0,57
1,High,type2,3,0,57
1,High,type2,3,0,57
1,High,type3,3,0,60
1,High,type3,3,0,60
1,High,type1,0,1,57
1,High,type2,0,1,58
1,High,type2,0,1,58
1,High,type3,0,1,55
1,High,type1,1,1,51
1,High,type2,1,1,53
1,High,type2,1,1,53
1,High,type3,1,1,56
1,High,type3,1,1,56
1,High,type1,2,1,54
1,High,type1,2,1,54
1,High,type2,2,1,54
1,High,type3,2,1,51
1,High,type3,2,1,51
1,High,type1,3,1,54
1,High,type2,3,1,59
1,High,type2,3,1,59
1,High,type3,3,1,54
1,High,type3,3,1,54
1,High,type1,0,2,57
1,High,type1,0,2,57
1,High,type2,0,2,60
1,High,type3,0,2,52
1,High,type3,0,2,52
1,High,type1,1,2,54
1,High,type1,1,2,54
1,High,type2,1,2,53
1,High,type3,1,2,52
1,High,type1,2,2,55
1,High,type1,2,2,55
1,High,type2,2,2,59
1,High,type2,2,2,59
1,High,type3,2,2,58
1,High,type3,2,2,58
1,High,type1,3,2,53
1,High,type2,3,2,53
1,High,type3,3,2,51
1,High,type1,0,3,52
1,High,type1,0,3,52
1,High,type2,0,3,58
1,High,type2,0,3,58
1,High,type3,0,3,57
1,High,type1,1,3,53
1,High,type1,1,3,53
1,High,type2,1,3,55
1,High,type2,1,3,55
1,High,type3,1,3,60
1,High,type1,2,3,58
1,High,type2,2,3,58
1,High,type3,2,3,57
1,High,type1,3,3,56
1,High,type2,3,3,53
1,High,type3,3,3,55
1,High,type3,3,3,55
2,High,type1,0,0,54
2,High,type1,0,0,54
2,High,type2,0,0,53
2,High,type3,0,0,59
2,High,type3,0,0,59
2,High,type1,1,0,51
2,High,type2,1,0,59
2,High,type2,1,0,59
2,High,type3,1,0,57
2,High,type3,1,0,57
2,High,type1,2,0,51
2,High,type1,2,0,51
2,High,type2,2,0,51
2,High,type3,2,0,52
2,High,type3,2,0,52
2,High,type1,3,0,54
2,High,type1,3,0,54
2,High,type2,3,0,56
2,High,type2,3,0,56
2,High,type3,3,0,51
2,High,type1,0,1,60
2,High,type2,0,1,55
2,High,type2,0,1,55
2,High,type3,0,1,54
2,High,type3,0,1,54
2,High,type1,1,1,58
2,High,type2,1,1,52
2,High,type3,1,1,51
2,High,type1,2,1,54
2,High,type1,2,1,54
2,High,type2,2,1,57
2,High,type3,2,1,52
2,High,type1,3,1,53
2,High,type2,3,1,56
2,High,type2,3,1,56
2,High,type3,3,1,51
2,High,type3,3,1,51
2,High,type1,0,2,51
2,High,type1,0,2,51
2,High,type2,0,2,55
2,High,type3,0,2,51
2,High,type3,0,2,51
2,High,type1,1,2,52
2,High,type1,1,2,52
2,High,type2,1,2,59
2,High,type2,1,2,59
2,High,type3,1,2,55
2,High,type1,2,2,56
2,High,type2,2,2,58
2,High,type3,2,2,58
2,High,type3,2,2,58
2,High,type1,3,2,56
2,High,type1,3,2,56
2,High,type2,3,2,54
2,High,type3,3,2,53
2,High,type1,0,3,57
2,High,type2,0,3,58
2,High,type3,0,3,54
2,High,type1,1,3,51
2,High,type1,1,3,51
2,High,type2,1,3,59
2,High,type3,1,3,51
2,High,type3,1,3,51
2,High,type1,2,3,53
2,High,type1,2,3,53
2,High,type2,2,3,54
2,High,type2,2,3,54
2,High,type3,2,3,56
2,High,type3,2,3,56
2,High,type1,3,3,52
2,High,type2,3,3,52
2,High,type3,3,3,59
3,High,type1,0,0,57
3,High,type1,0,0,57
3,High,type2,0,0,55
3,High,type3,0,0,60
3,High,type3,0,0,60
3,High,type1,1,0,58
3,High,type1,1,0,58
3,High,type2,1,0,51
3,High,type2,1,0,51
3,High,type3,1,0,57
3,High,type1,2,0,57
3,High,type1,2,0,57
3,High,type2,2,0,59
3,High,type2,2,0,59
3,High,type3,2,0,55
3,High,type3,2,0,55
3,High,type1,3,0,60
3,High,type2,3,0,60
3,High,type2,3,0,60
3,High,type3,3,0,59
3,High,type3,3,0,59
3,High,type1,0,1,57
3,High,type2,0,1,58
3,High,type3,0,1,51
3,High,type1,1,1,51
3,High,type2,1,1,52
3,High,type2,1,1,52
3,High,type3,1,1,55
3,High,type1,2,1,59
3,High,type1,2,1,59
3,High,type2,2,1,56
3,High,type2,2,1,56
3,High,type3,2,1,53
3,High,type1,3,1,54
3,High,type2,3,1,59
3,High,type2,3,1,59
3,High,type3,3,1,58
3,High,type3,3,1,58
3,High,type1,0,2,60
3,High,type2,0,2,58
3,High,type3,0,2,60
3,High,type1,1,2,51
3,High,type1,1,2,51
3,High,type2,1,2,58
3,High,type2,1,2,58
3,High,type3,1,2,58
3,High,type3,1,2,58
3,High,type1,2,2,56
3,High,type2,2,2,58
3,High,type3,2,2,59
3,High,type3,2,2,59
3,High,type1,3,2,57
3,High,type2,3,2,57
3,High,type2,3,2,57
3,High,type3,3,2,52
3,High,type1,0,3,55
3,High,type1,0,3,55
3,High,type2,0,3,56
3,High,type2,0,3,56
3,High,type3,0,3,53
3,High,type1,1,3,51
3,High,type2,1,3,58
3,High,type3,1,3,54
3,High,type1,2,3,52
3,High,type1,2,3,52
3,High,type2,2,3,55
3,High,type3,2,3,55
3,High,type1,3,3,59
3,High,type1,3,3,59
3,High,type2,3,3,56
3,High,type3,3,3,51
3,High,type3,3,3,51
1,Low,type1,0,0,58
1,Low,type1,0,0,58
1,Low,type2,0,0,57
1,Low,type3,0,0,54
1,Low,type3,0,0,54
1,Low,type1,1,0,53
1,Low,type1,1,0,53
1,Low,type2,1,0,57
1,Low,type3,1,0,59
1,Low,type1,2,0,60
1,Low,type2,2,0,52
1,Low,type2,2,0,52
1,Low,type3,2,0,51
1,Low,type3,2,0,51
1,Low,type1,3,0,57
1,Low,type1,3,0,57
1,Low,type2,3,0,55
1,Low,type2,3,0,55
1,Low,type3,3,0,57
1,Low,type1,0,1,59
1,Low,type1,0,1,59
1,Low,type2,0,1,59
1,Low,type3,0,1,57
1,Low,type1,1,1,60
1,Low,type1,1,1,60
1,Low,type2,1,1,51
1,Low,type3,1,1,54
1,Low,type3,1,1,54
1,Low,type1,2,1,57
1,Low,type2,2,1,57
1,Low,type2,2,1,57
1,Low,type3,2,1,58
1,Low,type3,2,1,58
1,Low,type1,3,1,58
1,Low,type2,3,1,57
1,Low,type2,3,1,57
1,Low,type3,3,1,58
1,Low,type1,0,2,55
1,Low,type2,0,2,57
1,Low,type3,0,2,53
1,Low,type3,0,2,53
1,Low,type1,1,2,58
1,Low,type2,1,2,57
1,Low,type2,1,2,57
1,Low,type3,1,2,59
1,Low,type3,1,2,59
1,Low,type1,2,2,58
1,Low,type2,2,2,58
1,Low,type2,2,2,58
1,Low,type3,2,2,55
1,Low,type1,3,2,56
1,Low,type1,3,2,56
1,Low,type2,3,2,55
1,Low,type2,3,2,55
1,Low,type3,3,2,53
1,Low,type3,3,2,53
1,Low,type1,0,3,59
1,Low,type2,0,3,53
1,Low,type3,0,3,54
1,Low,type3,0,3,54
1,Low,type1,1,3,52
1,Low,type1,1,3,52
1,Low,type2,1,3,59
1,Low,type2,1,3,59
1,Low,type3,1,3,58
1,Low,type1,2,3,57
1,Low,type2,2,3,54
1,Low,type3,2,3,59
1,Low,type1,3,3,52
1,Low,type2,3,3,53
1,Low,type3,3,3,55
1,Low,type3,3,3,55
2,Low,type1,0,0,58
2,Low,type1,0,0,58
2,Low,type2,0,0,53
2,Low,type2,0,0,53
2,Low,type3,0,0,60
2,Low,type1,1,0,54
2,Low,type2,1,0,55
2,Low,type3,1,0,57
2,Low,type3,1,0,57
2,Low,type1,2,0,52
2,Low,type1,2,0,52
2,Low,type2,2,0,55
2,Low,type2,2,0,55
2,Low,type3,2,0,51
2,Low,type1,3,0,56
2,Low,type1,3,0,56
2,Low,type2,3,0,57
2,Low,type2,3,0,57
2,Low,type3,3,0,58
2,Low,type1,0,1,57
2,Low,type2,0,1,58
2,Low,type3,0,1,54
2,Low,type1,1,1,58
2,Low,type2,1,1,54
2,Low,type3,1,1,57
2,Low,type1,2,1,56
2,Low,type2,2,1,56
2,Low,type3,2,1,58
2,Low,type1,3,1,60
2,Low,type1,3,1,60
2,Low,type2,3,1,60
2,Low,type2,3,1,60
2,Low,type3,3,1,53
2,Low,type3,3,1,53
2,Low,type1,0,2,54
2,Low,type2,0,2,54
2,Low,type2,0,2,54
2,Low,type3,0,2,60
2,Low,type3,0,2,60
2,Low,type1,1,2,57
2,Low,type2,1,2,54
2,Low,type2,1,2,54
2,Low,type3,1,2,60
2,Low,type1,2,2,53
2,Low,type1,2,2,53
2,Low,type2,2,2,52
2,Low,type2,2,2,52
2,Low,type3,2,2,54
2,Low,type1,3,2,59
2,Low,type1,3,2,59
2,Low,type2,3,2,52
2,Low,type3,3,2,57
2,Low,type3,3,2,57
2,Low,type1,0,3,58
2,Low,type2,0,3,59
2,Low,type2,0,3,59
2,Low,type3,0,3,51
2,Low,type3,0,3,51
2,Low,type1,1,3,54
2,Low,type1,1,3,54
2,Low,type2,1,3,58
2,Low,type2,1,3,58
2,Low,type3,1,3,53
2,Low,type1,2,3,52
2,Low,type1,2,3,52
2,Low,type2,2,3,52
2,Low,type2,2,3,52
2,Low,type3,2,3,51
2,Low,type3,2,3,51
2,Low,type1,3,3,59
2,Low,type1,3,3,59
2,Low,type2,3,3,57
2,Low,type3,3,3,52
2,Low,type3,3,3,52
3,Low,type1,0,0,58
3,Low,type1,0,0,58
3,Low,type2,0,0,51
3,Low,type3,0,0,58
3,Low,type3,0,0,58
3,Low,type1,1,0,58
3,Low,type2,1,0,60
3,Low,type3,1,0,56
3,Low,type1,2,0,57
3,Low,type1,2,0,57
3,Low,type2,2,0,58
3,Low,type3,2,0,54
3,Low,type1,3,0,53
3,Low,type1,3,0,53
3,Low,type2,3,0,51
3,Low,type2,3,0,51
3,Low,type3,3,0,55
3,Low,type1,0,1,53
3,Low,type2,0,1,55
3,Low,type2,0,1,55
3,Low,type3,0,1,52
3,Low,type3,0,1,52
3,Low,type1,1,1,54
3,Low,type1,1,1,54
3,Low,type2,1,1,56
3,Low,type3,1,1,53
3,Low,type3,1,1,53
3,Low,type1,2,1,54
3,Low,type2,2,1,60
3,Low,type3,2,1,59
3,Low,type3,2,1,59
3,Low,type1,3,1,58
3,Low,type1,3,1,58
3,Low,type2,3,1,60
3,Low,type2,3,1,60
3,Low,type3,3,1,57
3,Low,type3,3,1,57
3,Low,type1,0,2,59
3,Low,type1,0,2,59
3,Low,type2,0,2,51
3,Low,type3,0,2,59
3,Low,type1,1,2,59
3,Low,type1,1,2,59
3,Low,type2,1,2,52
3,Low,type2,1,2,52
3,Low,type3,1,2,54
3,Low,type1,2,2,60
3,Low,type2,2,2,55
3,Low,type3,2,2,52
3,Low,type1,3,2,57
3,Low,type2,3,2,59
3,Low,type3,3,2,54
3,Low,type1,0,3,59
3,Low,type1,0,3,59
3,Low,type2,0,3,57
3,Low,type3,0,3,52
3,Low,type3,0,3,52
3,Low,type1,1,3,55
3,Low,type1,1,3,55
3,Low,type2,1,3,56
3,Low,type3,1,3,51
3,Low,type1,2,3,52
3,Low,type1,2,3,52
3,Low,type2,2,3,53
3,Low,type2,2,3,53
3,Low,type3,2,3,60
3,Low,type1,3,3,57
3,Low,type2,3,3,51
3,Low,type2,3,3,51
3,Low,type3,3,3,57
1,High,type1,0,0,75
1,High,type2,0,0,62
1,High,type3,0,0,67
1,High,type1,1,0,63
1,High,type1,1,0,63
1,High,type2,1,0,70
1,High,type3,1,0,63
1,High,type1,2,0,72
1,High,type1,2,0,72
1,High,type2,2,0,74
1,High,type3,2,0,72
1,High,type1,3,0,68
1,High,type1,3,0,68
1,High,type2,3,0,68
1,High,type3,3,0,73
1,High,type3,3,0,73
1,High,type1,0,1,75
1,High,type2,0,1,61
1,High,type3,0,1,64
1,High,type3,0,1,64
1,High,type1,1,1,73
1,High,type1,1,1,73
1,High,type2,1,1,67
1,High,type3,1,1,69
1,High,type3,1,1,69
1,High,type1,2,1,74
1,High,type2,2,1,67
1,High,type3,2,1,64
1,High,type3,2,1,64
1,High,type1,3,1,69
1,High,type2,3,1,73
1,High,type3,3,1,70
1,High,type1,0,2,73
1,High,type2,0,2,70
1,High,type3,0,2,75
1,High,type3,0,2,75
1,High,type1,1,2,71
1,High,type2,1,2,75
1,High,type2,1,2,75
1,High,type3,1,2,62
1,High,type1,2,2,75
1,High,type1,2,2,75
1,High,type2,2,2,67
1,High,type3,2,2,69
1,High,type1,3,2,69
1,High,type2,3,2,74
1,High,type2,3,2,74
1,High,type3,3,2,72
1,High,type1,0,3,73
1,High,type1,0,3,73
1,High,type2,0,3,62
1,High,type2,0,3,62
1,High,type3,0,3,70
1,High,type3,0,3,70
1,High,type1,1,3,71
1,High,type2,1,3,62
1,High,type2,1,3,62
1,High,type3,1,3,69
1,High,type1,2,3,73
1,High,type1,2,3,73
1,High,type2,2,3,65
1,High,type2,2,3,65
1,High,type3,2,3,64
1,High,type1,3,3,62
1,High,type1,3,3,62
1,High,type2,3,3,65
1,High,type3,3,3,72
2,High,type1,0,0,70
2,High,type2,0,0,68
2,High,type3,0,0,63
2,High,type1,1,0,66
2,High,type1,1,0,66
2,High,type2,1,0,66
2,High,type3,1,0,71
2,High,type1,2,0,65
2,High,type2,2,0,72
2,High,type3,2,0,69
2,High,type1,3,0,63
2,High,type2,3,0,72
2,High,type2,3,0,72
2,High,type3,3,0,64
2,High,type1,0,1,72
2,High,type1,0,1,72
2,High,type2,0,1,70
2,High,type3,0,1,63
2,High,type3,0,1,63
2,High,type1,1,1,65
2,High,type2,1,1,68
2,High,type2,1,1,68
2,High,type3,1,1,65
2,High,type3,1,1,65
2,High,type1,2,1,66
2,High,type1,2,1,66
2,High,type2,2,1,73
2,High,type2,2,1,73
2,High,type3,2,1,73
2,High,type1,3,1,68
2,High,type1,3,1,68
2,High,type2,3,1,62
2,High,type3,3,1,68
2,High,type3,3,1,68
2,High,type1,0,2,67
2,High,type2,0,2,73
2,High,type3,0,2,70
2,High,type3,0,2,70
2,High,type1,1,2,72
2,High,type1,1,2,72
2,High,type2,1,2,73
2,High,type2,1,2,73
2,High,type3,1,2,66
2,High,type3,1,2,66
2,High,type1,2,2,66
2,High,type2,2,2,64
2,High,type2,2,2,64
2,High,type3,2,2,74
2,High,type1,3,2,74
2,High,type1,3,2,74
2,High,type2,3,2,69
2,High,type2,3,2,69
2,High,type3,3,2,66
2,High,type1,0,3,70
2,High,type2,0,3,70
2,High,type3,0,3,65
2,High,type1,1,3,66
2,High,type2,1,3,68
2,High,type3,1,3,64
2,High,type3,1,3,64
2,High,type1,2,3,73
2,High,type1,2,3,73
2,High,type2,2,3,64
2,High,type2,2,3,64
2,High,type3,2,3,72
2,High,type1,3,3,66
2,High,type1,3,3,66
2,High,type2,3,3,66
2,High,type2,3,3,66
2,High,type3,3,3,68
2,High,type3,3,3,68
3,High,type1,0,0,64
3,High,type2,0,0,67
3,High,type2,0,0,67
3,High,type3,0,0,64
3,High,type3,0,0,64
3,High,type1,1,0,66
3,High,type2,1,0,68
3,High,type2,1,0,68
3,High,type3,1,0,75
3,High,type1,2,0,73
3,High,type2,2,0,71
3,High,type2,2,0,71
3,High,type3,2,0,67
3,High,type3,2,0,67
3,High,type1,3,0,70
3,High,type1,3,0,70
3,High,type2,3,0,71
3,High,type2,3,0,71
3,High,type3,3,0,63
3,High,type3,3,0,63
3,High,type1,0,1,62
3,High,type1,0,1,62
3,High,type2,0,1,66
3,High,type2,0,1,66
3,High,type3,0,1,71
3,High,type1,1,1,66
3,High,type2,1,1,62
3,High,type2,1,1,62
3,High,type3,1,1,64
3,High,type1,2,1,66
3,High,type1,2,1,66
3,High,type2,2,1,72
3,High,type3,2,1,67
3,High,type3,2,1,67
3,High,type1,3,1,74
3,High,type1,3,1,74
3,High,type2,3,1,71
3,High,type2,3,1,71
3,High,type3,3,1,71
3,High,type1,0,2,68
3,High,type1,0,2,68
3,High,type2,0,2,73
3,High,type3,0,2,63
3,High,type3,0,2,63
3,High,type1,1,2,71
3,High,type1,1,2,71
3,High,type2,1,2,75
3,High,type2,1,2,75
3,High,type3,1,2,66
3,High,type1,2,2,64
3,High,type2,2,2,75
3,High,type3,2,2,63
3,High,type1,3,2,62
3,High,type2,3,2,65
3,High,type2,3,2,65
3,High,type3,3,2,70
3,High,type3,3,2,70
3,High,type1,0,3,69
3,High,type1,0,3,69
3,High,type2,0,3,65
3,High,type2,0,3,65
3,High,type3,0,3,70
3,High,type1,1,3,73
3,High,type1,1,3,73
3,High,type2,1,3,65
3,High,type2,1,3,65
3,High,type3,1,3,70
3,High,type3,1,3,70
3,High,type1,2,3,74
3,High,type2,2,3,71
3,High,type2,2,3,71
3,High,type3,2,3,64
3,High,type3,2,3,64
3,High,type1,3,3,62
3,High,type1,3,3,62
3,High,type2,3,3,63
3,High,type2,3,3,63
3,High,type3,3,3,71
1,Low,type1,0,0,68
1,Low,type2,0,0,74
1,Low,type3,0,0,73
1,Low,type3,0,0,73
1,Low,type1,1,0,65
1,Low,type2,1,0,66
1,Low,type2,1,0,66
1,Low,type3,1,0,74
1,Low,type3,1,0,74
1,Low,type1,2,0,65
1,Low,type1,2,0,65
1,Low,type2,2,0,68
1,Low,type2,2,0,68
1,Low,type3,2,0,70
1,Low,type1,3,0,75
1,Low,type2,3,0,65
1,Low,type3,3,0,74
1,Low,type3,3,0,74
1,Low,type1,0,1,66
1,Low,type1,0,1,66
1,Low,type2,0,1,73
1,Low,type3,0,1,61
1,Low,type3,0,1,61
1,Low,type1,1,1,75
1,Low,type2,1,1,61
1,Low,type2,1,1,61
1,Low,type3,1,1,69
1,Low,type3,1,1,69
1,Low,type1,2,1,65
1,Low,type1,2,1,65
1,Low,type2,2,1,68
1,Low,type2,2,1,68
1,Low,type3,2,1,63
1,Low,type3,2,1,63
1,Low,type1,3,1,70
1,Low,type1,3,1,70
1,Low,type2,3,1,73
1,Low,type2,3,1,73
1,Low,type3,3,1,69
1,Low,type1,0,2,61
1,Low,type2,0,2,62
1,Low,type3,0,2,64
1,Low,type3,0,2,64
1,Low,type1,1,2,68
1,Low,type2,1,2,74
1,Low,type3,1,2,62
1,Low,type1,2,2,65
1,Low,type1,2,2,65
1,Low,type2,2,2,68
1,Low,type3,2,2,65
1,Low,type3,2,2,65
1,Low,type1,3,2,74
1,Low,type2,3,2,74
1,Low,type3,3,2,74
1,Low,type3,3,2,74
1,Low,type1,0,3,62
1,Low,type2,0,3,64
1,Low,type3,0,3,70
1,Low,type1,1,3,72
1,Low,type1,1,3,72
1,Low,type2,1,3,68
1,Low,type2,1,3,68
1,Low,type3,1,3,75
1,Low,type1,2,3,72
1,Low,type2,2,3,75
1,Low,type2,2,3,75
1,Low,type3,2,3,66
1,Low,type3,2,3,66
1,Low,type1,3,3,65
1,Low,type1,3,3,65
1,Low,type2,3,3,62
1,Low,type3,3,3,74
1,Low,type3,3,3,74
2,Low,type1,0,0,66
2,Low,type2,0,0,69
2,Low,type3,0,0,74
2,Low,type1,1,0,70
2,Low,type2,1,0,67
2,Low,type3,1,0,68
2,Low,type3,1,0,68
2,Low,type1,2,0,72
2,Low,type2,2,0,63
2,Low,type3,2,0,71
2,Low,type3,2,0,71
2,Low,type1,3,0,71
2,Low,type1,3,0,71
2,Low,type2,3,0,69
2,Low,type3,3,0,61
2,Low,type3,3,0,61
2,Low,type1,0,1,75
2,Low,type2,0,1,68
2,Low,type3,0,1,61
2,Low,type1,1,1,66
2,Low,type1,1,1,66
2,Low,type2,1,1,67
2,Low,type2,1,1,67
2,Low,type3,1,1,73
2,Low,type3,1,1,73
2,Low,type1,2,1,73
2,Low,type1,2,1,73
2,Low,type2,2,1,74
2,Low,type2,2,1,74
2,Low,type3,2,1,64
2,Low,type1,3,1,73
2,Low,type1,3,1,73
2,Low,type2,3,1,74
2,Low,type3,3,1,74
2,Low,type3,3,1,74
2,Low,type1,0,2,74
2,Low,type2,0,2,69
2,Low,type3,0,2,73
2,Low,type1,1,2,64
2,Low,type1,1,2,64
2,Low,type2,1,2,74
2,Low,type2,1,2,74
2,Low,type3,1,2,68
2,Low,type1,2,2,68
2,Low,type1,2,2,68
2,Low,type2,2,2,72
2,Low,type3,2,2,67
2,Low,type3,2,2,67
2,Low,type1,3,2,64
2,Low,type1,3,2,64
2,Low,type2,3,2,65
2,Low,type3,3,2,67
2,Low,type1,0,3,66
2,Low,type2,0,3,62
2,Low,type2,0,3,62
2,Low,type3,0,3,61
2,Low,type3,0,3,61
2,Low,type1,1,3,67
2,Low,type1,1,3,67
2,Low,type2,1,3,63
2,Low,type3,1,3,63
2,Low,type3,1,3,63
2,Low,type1,2,3,66
2,Low,type1,2,3,66
2,Low,type2,2,3,69
2,Low,type2,2,3,69
2,Low,type3,2,3,69
2,Low,type3,2,3,69
2,Low,type1,3,3,70
2,Low,type1,3,3,70
2,Low,type2,3,3,68
2,Low,type3,3,3,70
2,Low,type3,3,3,70
3,Low,type1,0,0,72
3,Low,type2,0,0,63
3,Low,type2,0,0,63
3,Low,type3,0,0,72
3,Low,type1,1,0,64
3,Low,type2,1,0,70
3,Low,type3,1,0,71
3,Low,type1,2,0,63
3,Low,type1,2,0,63
3,Low,type2,2,0,61
3,Low,type2,2,0,61
3,Low,type3,2,0,64
3,Low,type3,2,0,64
3,Low,type1,3,0,63
3,Low,type1,3,0,63
3,Low,type2,3,0,75
3,Low,type2,3,0,75
3,Low,type3,3,0,74
3,Low,type1,0,1,62
3,Low,type1,0,1,62
3,Low,type2,0,1,69
3,Low,type2,0,1,69
3,Low,type3,0,1,70
3,Low,type3,0,1,70
3,Low,type1,1,1,69
3,Low,type1,1,1,69
3,Low,type2,1,1,70
3,Low,type2,1,1,70
3,Low,type3,1,1,61
3,Low,type3,1,1,61
3,Low,type1,2,1,65
3,Low,type2,2,1,72
3,Low,type2,2,1,72
3,Low,type3,2,1,68
3,Low,type3,2,1,68
3,Low,type1,3,1,69
3,Low,type2,3,1,69
3,Low,type3,3,1,62
3,Low,type3,3,1,62
3,Low,type1,0,2,65
3,Low,type2,0,2,72
3,Low,type2,0,2,72
3,Low,type3,0,2,71
3,Low,type1,1,2,64
3,Low,type2,1,2,63
3,Low,type2,1,2,63
3,Low,type3,1,2,74
3,Low,type3,1,2,74
3,Low,type1,2,2,75
3,Low,type1,2,2,75
3,Low,type2,2,2,66
3,Low,type3,2,2,67
3,Low,type3,2,2,67
3,Low,type1,3,2,72
3,Low,type2,3,2,61
3,Low,type3,3,2,73
3,Low,type1,0,3,64
3,Low,type2,0,3,64
3,Low,type3,0,3,63
3,Low,type1,1,3,61
3,Low,type2,1,3,73
3,Low,type2,1,3,73
3,Low,type3,1,3,69
3,Low,type3,1,3,69
3,Low,type1,2,3,71
3,Low,type1,2,3,71
3,Low,type2,2,3,72
3,Low,type3,2,3,68
3,Low,type1,3,3,63
3,Low,type2,3,3,66
3,Low,type2,3,3,66
3,Low,type3,3,3,69
3,Low,type3,3,3,69
1,High,type1,0,0,80
1,High,type1,0,0,80
1,High,type2,0,0,78
1,High,type3,0,0,77
1,High,type3,0,0,77
1,High,type1,1,0,79
1,High,type2,1,0,76
1,High,type3,1,0,77
1,High,type3,1,0,77
1,High,type1,2,0,78
1,High,type1,2,0,78
1,High,type2,2,0,77
1,High,type3,2,0,80
1,High,type3,2,0,80
1,High,type1,3,0,77
1,High,type1,3,0,77
1,High,type2,3,0,78
1,High,type3,3,0,77
1,High,type3,3,0,77
1,High,type1,0,1,76
1,High,type1,0,1,76
1,High,type2,0,1,76
1,High,type3,0,1,76
1,High,type1,1,1,76
1,High,type2,1,1,80
1,High,type2,1,1,80
1,High,type3,1,1,76
1,High,type1,2,1,80
1,High,type1,2,1,80
1,High,type2,2,1,77
1,High,type2,2,1,77
1,High,type3,2,1,78
1,High,type1,3,1,79
1,High,type2,3,1,79
1,High,type3,3,1,79
1,High,type1,0,2,79
1,High,type2,0,2,79
1,High,type3,0,2,79
1,High,type3,0,2,79
1,High,type1,1,2,76
1,High,type2,1,2,78
1,High,type3,1,2,76
1,High,type1,2,2,80
1,High,type2,2,2,78
1,High,type3,2,2,80
1,High,type3,2,2,80
1,High,type1,3,2,76
1,High,type2,3,2,77
1,High,type3,3,2,79
1,High,type3,3,2,79
1,High,type1,0,3,79
1,High,type1,0,3,79
1,High,type2,0,3,79
1,High,type3,0,3,76
1,High,type3,0,3,76
1,High,type1,1,3,77
1,High,type2,1,3,78
1,High,type3,1,3,76
1,High,type3,1,3,76
1,High,type1,2,3,80
1,High,type1,2,3,80
1,High,type2,2,3,79
1,High,type2,2,3,79
1,High,type3,2,3,77
1,High,type3,2,3,77
1,High,type1,3,3,76
1,High,type2,3,3,77
1,High,type2,3,3,77
1,High,type3,3,3,77
1,High,type3,3,3,77
2,High,type1,0,0,79
2,High,type2,0,0,79
2,High,type3,0,0,76
2,High,type3,0,0,76
2,High,type1,1,0,77
2,High,type2,1,0,77
2,High,type2,1,0,77
2,High,type3,1,0,77
2,High,type3,1,0,77
2,High,type1,2,0,78
2,High,type1,2,0,78
2,High,type2,2,0,77
2,High,type2,2,0,77
2,High,type3,2,0,76
2,High,type3,2,0,76
2,High,type1,3,0,76
2,High,type2,3,0,80
2,High,type3,3,0,79
2,High,type1,0,1,78
2,High,type1,0,1,78
2,High,type2,0,1,76
2,High,type2,0,1,76
2,High,type3,0,1,78
2,High,type1,1,1,76
2,High,type1,1,1,76
2,High,type2,1,1,77
2,High,type3,1,1,80
2,High,type3,1,1,80
2,High,type1,2,1,78
2,High,type1,2,1,78
2,High,type2,2,1,77
2,High,type3,2,1,78
2,High,type3,2,1,78
2,High,type1,3,1,77
2,High,type2,3,1,79
2,High,type2,3,1,79
2,High,type3,3,1,80
2,High,type1,0,2,79
2,High,type2,0,2,80
2,High,type3,0,2,77
2,High,type1,1,2,79
2,High,type1,1,2,79
2,High,type2,1,2,78
2,High,type2,1,2,78
2,High,type3,1,2,80
2,High,type3,1,2,80
2,High,type1,2,2,78
2,High,type1,2,2,78
2,High,type2,2,2,80
2,High,type3,2,2,80
2,High,type3,2,2,80
2,High,type1,3,2,80
2,High,type2,3,2,78
2,High,type3,3,2,76
2,High,type1,0,3,79
2,High,type1,0,3,79
2,High,type2,0,3,80
2,High,type2,0,3,80
2,High,type3,0,3,77
2,High,type3,0,3,77
2,High,type1,1,3,80
2,High,type2,1,3,80
2,High,type2,1,3,80
2,High,type3,1,3,78
2,High,type1,2,3,76
2,High,type1,2,3,76
2,High,type2,2,3,78
2,High,type3,2,3,79
2,High,type1,3,3,80
2,High,type1,3,3,80
2,High,type2,3,3,78
2,High,type3,3,3,77
2,High,type3,3,3,77
3,High,type1,0,0,80
3,High,type2,0,0,76
3,High,type2,0,0,76
3,High,type3,0,0,79
3,High,type3,0,0,79
3,High,type1,1,0,76
3,High,type2,1,0,78
3,High,type3,1,0,78
3,High,type3,1,0,78
3,High,type1,2,0,78
3,High,type1,2,0,78
3,High,type2,2,0,76
3,High,type3,2,0,76
3,High,type3,2,0,76
3,High,type1,3,0,78
3,High,type2,3,0,80
3,High,type2,3,0,80
3,High,type3,3,0,77
3,High,type1,0,1,76
3,High,type1,0,1,76
3,High,type2,0,1,79
3,High,type2,0,1,79
3,High,type3,0,1,78
3,High,type1,1,1,76
3,High,type2,1,1,79
3,High,type2,1,1,79
3,High,type3,1,1,76
3,High,type3,1,1,76
3,High,type1,2,1,77
3,High,type2,2,1,80
3,High,type3,2,1,78
3,High,type1,3,1,80
3,High,type2,3,1,78
3,High,type3,3,1,76
3,High,type1,0,2,76
3,High,type2,0,2,80
3,High,type2,0,2,80
3,High,type3,0,2,78
3,High,type3,0,2,78
3,High,type1,1,2,80
3,High,type1,1,2,80
3,High,type2,1,2,80
3,High,type3,1,2,76
3,High,type3,1,2,76
3,High,type1,2,2,79
3,High,type2,2,2,80
3,High,type2,2,2,80
3,High,type3,2,2,76
3,High,type1,3,2,76
3,High,type1,3,2,76
3,High,type2,3,2,79
3,High,type3,3,2,78
3,High,type1,0,3,80
3,High,type1,0,3,80
3,High,type2,0,3,76
3,High,type3,0,3,80
3,High,type1,1,3,79
3,High,type1,1,3,79
3,High,type2,1,3,77
3,High,type3,1,3,80
3,High,type1,2,3,80
3,High,type1,2,3,80
3,High,type2,2,3,76
3,High,type2,2,3,76
3,High,type3,2,3,77
3,High,type1,3,3,77
3,High,type2,3,3,77
3,High,type2,3,3,77
3,High,type3,3,3,79
3,High,type3,3,3,79
1,Low,type1,0,0,80
1,Low,type1,0,0,80
1,Low,type2,0,0,80
1,Low,type2,0,0,80
1,Low,type3,0,0,78
1,Low,type3,0,0,78
1,Low,type1,1,0,80
1,Low,type1,1,0,80
1,Low,type2,1,0,76
1,Low,type2,1,0,76
1,Low,type3,1,0,79
1,Low,type1,2,0,76
1,Low,type1,2,0,76
1,Low,type2,2,0,80
1,Low,type2,2,0,80
1,Low,type3,2,0,79
1,Low,type1,3,0,79
1,Low,type2,3,0,78
1,Low,type2,3,0,78
1,Low,type3,3,0,79
1,Low,type3,3,0,79
1,Low,type1,0,1,78
1,Low,type1,0,1,78
1,Low,type2,0,1,79
1,Low,type2,0,1,79
1,Low,type3,0,1,79
1,Low,type3,0,1,79
1,Low,type1,1,1,76
1,Low,type1,1,1,76
1,Low,type2,1,1,78
1,Low,type3,1,1,79
1,Low,type3,1,1,79
1,Low,type1,2,1,77
1,Low,type2,2,1,77
1,Low,type2,2,1,77
1,Low,type3,2,1,76
1,Low,type1,3,1,78
1,Low,type1,3,1,78
1,Low,type2,3,1,76
1,Low,type2,3,1,76
1,Low,type3,3,1,78
1,Low,type3,3,1,78
1,Low,type1,0,2,79
1,Low,type2,0,2,77
1,Low,type2,0,2,77
1,Low,type3,0,2,79
1,Low,type1,1,2,80
1,Low,type2,1,2,80
1,Low,type2,1,2,80
1,Low,type3,1,2,77
1,Low,type3,1,2,77
1,Low,type1,2,2,76
1,Low,type2,2,2,80
1,Low,type3,2,2,77
1,Low,type1,3,2,76
1,Low,type2,3,2,79
1,Low,type2,3,2,79
1,Low,type3,3,2,80
1,Low,type1,0,3,79
1,Low,type1,0,3,79
1,Low,type2,0,3,78
1,Low,type2,0,3,78
1,Low,type3,0,3,80
1,Low,type3,0,3,80
1,Low,type1,1,3,77
1,Low,type1,1,3,77
1,Low,type2,1,3,77
1,Low,type2,1,3,77
1,Low,type3,1,3,77
1,Low,type3,1,3,77
1,Low,type1,2,3,79
1,Low,type1,2,3,79
1,Low,type2,2,3,79
1,Low,type3,2,3,76
1,Low,type3,2,3,76
1,Low,type1,3,3,79
1,Low,type1,3,3,79
1,Low,type2,3,3,76
1,Low,type2,3,3,76
1,Low,type3,3,3,76
1,Low,type3,3,3,76
2,Low,type1,0,0,80
2,Low,type2,0,0,79
2,Low,type2,0,0,79
2,Low,type3,0,0,77
2,Low,type3,0,0,77
2,Low,type1,1,0,79
2,Low,type1,1,0,79
2,Low,type2,1,0,80
2,Low,type3,1,0,80
2,Low,type3,1,0,80
2,Low,type1,2,0,80
2,Low,type2,2,0,79
2,Low,type3,2,0,76
2,Low,type3,2,0,76
2,Low,type1,3,0,78
2,Low,type2,3,0,77
2,Low,type3,3,0,76
2,Low,type1,0,1,80
2,Low,type2,0,1,78
2,Low,type2,0,1,78
2,Low,type3,0,1,79
2,Low,type3,0,1,79
2,Low,type1,1,1,78
2,Low,type2,1,1,78
2,Low,type3,1,1,78
2,Low,type1,2,1,80
2,Low,type2,2,1,76
2,Low,type2,2,1,76
2,Low,type3,2,1,80
2,Low,type3,2,1,80
2,Low,type1,3,1,78
2,Low,type2,3,1,77
2,Low,type3,3,1,77
2,Low,type3,3,1,77
2,Low,type1,0,2,79
2,Low,type1,0,2,79
2,Low,type2,0,2,76
2,Low,type2,0,2,76
2,Low,type3,0,2,76
2,Low,type1,1,2,77
2,Low,type2,1,2,77
2,Low,type2,1,2,77
2,Low,type3,1,2,76
2,Low,type1,2,2,78
2,Low,type2,2,2,78
2,Low,type3,2,2,80
2,Low,type3,2,2,80
2,Low,type1,3,2,77
2,Low,type2,3,2,77
2,Low,type2,3,2,77
2,Low,type3,3,2,76
2,Low,type3,3,2,76
2,Low,type1,0,3,77
2,Low,type1,0,3,77
2,Low,type2,0,3,78
2,Low,type3,0,3,79
2,Low,type1,1,3,79
2,Low,type1,1,3,79
2,Low,type2,1,3,79
2,Low,type2,1,3,79
2,Low,type3,1,3,79
2,Low,type1,2,3,76
2,Low,type1,2,3,76
2,Low,type2,2,3,80
2,Low,type3,2,3,77
2,Low,type3,2,3,77
2,Low,type1,3,3,78
2,Low,type1,3,3,78
2,Low,type2,3,3,79
2,Low,type3,3,3,80
3,Low,type1,0,0,77
3,Low,type2,0,0,77
3,Low,type2,0,0,77
3,Low,type3,0,0,80
3,Low,type3,0,0,80
3,Low,type1,1,0,76
3,Low,type1,1,0,76
3,Low,type2,1,0,80
3,Low,type2,1,0,80
3,Low,type3,1,0,78
3,Low,type3,1,0,78
3,Low,type1,2,0,76
3,Low,type2,2,0,78
3,Low,type3,2,0,76
3,Low,type3,2,0,76
3,Low,type1,3,0,79
3,Low,type1,3,0,79
3,Low,type2,3,0,80
3,Low,type2,3,0,80
3,Low,type3,3,0,79
3,Low,type1,0,1,78
3,Low,type1,0,1,78
3,Low,type2,0,1,79
3,Low,type2,0,1,79
3,Low,type3,0,1,78
3,Low,type1,1,1,80
3,Low,type1,1,1,80
3,Low,type2,1,1,78
3,Low,type3,1,1,79
3,Low,type1,2,1,77
3,Low,type2,2,1,79
3,Low,type2,2,1,79
3,Low,type3,2,1,78
3,Low,type1,3,1,76
3,Low,type2,3,1,78
3,Low,type3,3,1,77
3,Low,type1,0,2,79
3,Low,type1,0,2,79
3,Low,type2,0,2,78
3,Low,type3,0,2,80
3,Low,type1,1,2,77
3,Low,type1,1,2,77
3,Low,type2,1,2,79
3,Low,type2,1,2,79
3,Low,type3,1,2,78
3,Low,type1,2,2,80
3,Low,type2,2,2,76
3,Low,type3,2,2,76
3,Low,type3,2,2,76
3,Low,type1,3,2,79
3,Low,type2,3,2,77
3,Low,type2,3,2,77
3,Low,type3,3,2,78
3,Low,type1,0,3,79
3,Low,type2,0,3,79
3,Low,type3,0,3,80
3,Low,type1,1,3,79
3,Low,type1,1,3,79
3,Low,type2,1,3,77
3,Low,type3,1,3,79
3,Low,type3,1,3,79
3,Low,type1,2,3,77
3,Low,type1,2,3,77
3,Low,type2,2,3,76
3,Low,type3,2,3,77
3,Low,type3,2,3,77
3,Low,type1,3,3,76
3,Low,type2,3,3,79
3,Low,type3,3,3,78
1,High,type1,0,0,99
1,High,type2,0,0,87
1,High,type3,0,0,87
1,High,type1,1,0,84
1,High,type1,1,0,84
1,High,type2,1,0,91
1,High,type3,1,0,94
1,High,type1,2,0,90
1,High,type2,2,0,88
1,High,type3,2,0,91
1,High,type1,3,0,90
1,High,type2,3,0,91
1,High,type2,3,0,91
1,High,type3,3,0,90
1,High,type3,3,0,90
1,High,type1,0,1,93
1,High,type1,0,1,93
1,High,type2,0,1,88
1,High,type2,0,1,88
1,High,type3,0,1,99
1,High,type1,1,1,99
1,High,type1,1,1,99
1,High,type2,1,1,97
1,High,type3,1,1,82
1,High,type3,1,1,82
1,High,type1,2,1,95
1,High,type1,2,1,95
1,High,type2,2,1,93
1,High,type2,2,1,93
1,High,type3,2,1,93
1,High,type3,2,1,93
1,High,type1,3,1,91
1,High,type1,3,1,91
1,High,type2,3,1,84
1,High,type3,3,1,97
1,High,type1,0,2,96
1,High,type1,0,2,96
1,High,type2,0,2,81
1,High,type2,0,2,81
1,High,type3,0,2,86
1,High,type3,0,2,86
1,High,type1,1,2,95
1,High,type2,1,2,86
1,High,type2,1,2,86
1,High,type3,1,2,96
1,High,type1,2,2,94
1,High,type2,2,2,93
1,High,type2,2,2,93
1,High,type3,2,2,88
1,High,type1,3,2,96
1,High,type2,3,2,85
1,High,type3,3,2,94
1,High,type3,3,2,94
1,High,type1,0,3,99
1,High,type2,0,3,87
1,High,type2,0,3,87
1,High,type3,0,3,83
1,High,type3,0,3,83
1,High,type1,1,3,87
1,High,type2,1,3,88
1,High,type2,1,3,88
1,High,type3,1,3,93
1,High,type3,1,3,93
1,High,type1,2,3,89
1,High,type2,2,3,97
1,High,type3,2,3,95
1,High,type1,3,3,81
1,High,type2,3,3,95
1,High,type3,3,3,98
2,High,type1,0,0,85
2,High,type1,0,0,85
2,High,type2,0,0,81
2,High,type2,0,0,81
2,High,type3,0,0,85
2,High,type1,1,0,92
2,High,type1,1,0,92
2,High,type2,1,0,97
2,High,type3,1,0,91
2,High,type3,1,0,91
2,High,type1,2,0,85
2,High,type2,2,0,88
2,High,type3,2,0,81
2,High,type1,3,0,86
2,High,type2,3,0,91
2,High,type3,3,0,92
2,High,type1,0,1,83
2,High,type1,0,1,83
2,High,type2,0,1,92
2,High,type3,0,1,89
2,High,type3,0,1,89
2,High,type1,1,1,84
2,High,type2,1,1,82
2,High,type3,1,1,86
2,High,type3,1,1,86
2,High,type1,2,1,98
2,High,type2,2,1,100
2,High,type3,2,1,92
2,High,type3,2,1,92
2,High,type1,3,1,86
2,High,type1,3,1,86
2,High,type2,3,1,85
2,High,type3,3,1,83
2,High,type3,3,1,83
2,High,type1,0,2,99
2,High,type2,0,2,93
2,High,type3,0,2,82
2,High,type3,0,2,82
2,High,type1,1,2,93
2,High,type2,1,2,83
2,High,type3,1,2,81
2,High,type3,1,2,81
2,High,type1,2,2,93
2,High,type1,2,2,93
2,High,type2,2,2,86
2,High,type3,2,2,92
2,High,type1,3,2,82
2,High,type1,3,2,82
2,High,type2,3,2,92
2,High,type3,3,2,86
2,High,type3,3,2,86
2,High,type1,0,3,83
2,High,type2,0,3,94
2,High,type2,0,3,94
2,High,type3,0,3,85
2,High,type3,0,3,85
2,High,type1,1,3,81
2,High,type1,1,3,81
2,High,type2,1,3,87
2,High,type3,1,3,95
2,High,type3,1,3,95
2,High,type1,2,3,100
2,High,type1,2,3,100
2,High,type2,2,3,96
2,High,type2,2,3,96
2,High,type3,2,3,94
2,High,type3,2,3,94
2,High,type1,3,3,88
2,High,type1,3,3,88
2,High,type2,3,3,99
2,High,type3,3,3,98
3,High,type1,0,0,91
3,High,type2,0,0,88
3,High,type2,0,0,88
3,High,type3,0,0,100
3,High,type1,1,0,94
3,High,type2,1,0,92
3,High,type2,1,0,92
3,High,type3,1,0,82
3,High,type3,1,0,82
3,High,type1,2,0,87
3,High,type2,2,0,82
3,High,type3,2,0,93
3,High,type3,2,0,93
3,High,type1,3,0,87
3,High,type1,3,0,87
3,High,type2,3,0,97
3,High,type3,3,0,89
3,High,type1,0,1,92
3,High,type1,0,1,92
3,High,type2,0,1,82
3,High,type3,0,1,81
3,High,type1,1,1,83
3,High,type1,1,1,83
3,High,type2,1,1,94
3,High,type2,1,1,94
3,High,type3,1,1,82
3,High,type3,1,1,82
3,High,type1,2,1,95
3,High,type2,2,1,89
3,High,type3,2,1,99
3,High,type1,3,1,99
3,High,type1,3,1,99
3,High,type2,3,1,83
3,High,type2,3,1,83
3,High,type3,3,1,92
3,High,type1,0,2,98
3,High,type1,0,2,98
3,High,type2,0,2,87
3,High,type2,0,2,87
3,High,type3,0,2,95
3,High,type3,0,2,95
3,High,type1,1,2,86
3,High,type2,1,2,89
3,High,type2,1,2,89
3,High,type3,1,2,88
3,High,type3,1,2,88
3,High,type1,2,2,93
3,High,type2,2,2,96
3,High,type2,2,2,96
3,High,type3,2,2,81
3,High,type1,3,2,86
3,High,type2,3,2,100
3,High,type3,3,2,91
3,High,type3,3,2,91
3,High,type1,0,3,85
3,High,type1,0,3,85
3,High,type2,0,3,95
3,High,type2,0,3,95
3,High,type3,0,3,90
3,High,type3,0,3,90
3,High,type1,1,3,98
3,High,type1,1,3,98
3,High,type2,1,3,81
3,High,type3,1,3,87
3,High,type1,2,3,84
3,High,type2,2,3,94
3,High,type3,2,3,82
3,High,type1,3,3,94
3,High,type2,3,3,90
3,High,type2,3,3,90
3,High,type3,3,3,89
3,High,type3,3,3,89
1,Low,type1,0,0,92
1,Low,type2,0,0,85
1,Low,type3,0,0,97
1,Low,type1,1,0,98
1,Low,type2,1,0,89
1,Low,type3,1,0,88
1,Low,type3,1,0,88
1,Low,type1,2,0,95
1,Low,type1,2,0,95
1,Low,type2,2,0,93
1,Low,type2,2,0,93
1,Low,type3,2,0,93
1,Low,type3,2,0,93
1,Low,type1,3,0,91
1,Low,type1,3,0,91
1,Low,type2,3,0,83
1,Low,type2,3,0,83
1,Low,type3,3,0,87
1,Low,type1,0,1,96
1,Low,type1,0,1,96
1,Low,type2,0,1,92
1,Low,type2,0,1,92
1,Low,type3,0,1,90
1,Low,type1,1,1,96
1,Low,type1,1,1,96
1,Low,type2,1,1,84
1,Low,type3,1,1,82
1,Low,type1,2,1,82
1,Low,type1,2,1,82
1,Low,type2,2,1,97
1,Low,type2,2,1,97
1,Low,type3,2,1,82
1,Low,type1,3,1,88
1,Low,type2,3,1,85
1,Low,type2,3,1,85
1,Low,type3,3,1,82
1,Low,type3,3,1,82
1,Low,type1,0,2,84
1,Low,type1,0,2,84
1,Low,type2,0,2,92
1,Low,type3,0,2,93
1,Low,type3,0,2,93
1,Low,type1,1,2,96
1,Low,type1,1,2,96
1,Low,type2,1,2,93
1,Low,type2,1,2,93
1,Low,type3,1,2,96
1,Low,type1,2,2,92
1,Low,type2,2,2,93
1,Low,type3,2,2,82
1,Low,type1,3,2,90
1,Low,type2,3,2,91
1,Low,type3,3,2,85
1,Low,type3,3,2,85
1,Low,type1,0,3,82
1,Low,type2,0,3,84
1,Low,type3,0,3,98
1,Low,type1,1,3,97
1,Low,type2,1,3,93
1,Low,type3,1,3,94
1,Low,type3,1,3,94
1,Low,type1,2,3,99
1,Low,type2,2,3,99
1,Low,type2,2,3,99
1,Low,type3,2,3,97
1,Low,type1,3,3,93
1,Low,type2,3,3,91
1,Low,type2,3,3,91
1,Low,type3,3,3,84
2,Low,type1,0,0,90
2,Low,type1,0,0,90
2,Low,type2,0,0,97
2,Low,type3,0,0,81
2,Low,type3,0,0,81
2,Low,type1,1,0,94
2,Low,type2,1,0,91
2,Low,type2,1,0,91
2,Low,type3,1,0,95
2,Low,type1,2,0,96
2,Low,type2,2,0,87
2,Low,type3,2,0,94
2,Low,type3,2,0,94
2,Low,type1,3,0,90
2,Low,type1,3,0,90
2,Low,type2,3,0,90
2,Low,type3,3,0,83
2,Low,type3,3,0,83
2,Low,type1,0,1,97
2,Low,type2,0,1,83
2,Low,type2,0,1,83
2,Low,type3,0,1,84
2,Low,type3,0,1,84
2,Low,type1,1,1,90
2,Low,type2,1,1,88
2,Low,type2,1,1,88
2,Low,type3,1,1,97
2,Low,type1,2,1,94
2,Low,type1,2,1,94
2,Low,type2,2,1,93
2,Low,type3,2,1,93
2,Low,type3,2,1,93
2,Low,type1,3,1,91
2,Low,type2,3,1,87
2,Low,type2,3,1,87
2,Low,type3,3,1,87
2,Low,type1,0,2,86
2,Low,type2,0,2,93
2,Low,type2,0,2,93
2,Low,type3,0,2,92
2,Low,type1,1,2,85
2,Low,type2,1,2,97
2,Low,type3,1,2,97
2,Low,type1,2,2,94
2,Low,type1,2,2,94
2,Low,type2,2,2,84
2,Low,type3,2,2,88
2,Low,type3,2,2,88
2,Low,type1,3,2,90
2,Low,type2,3,2,95
2,Low,type2,3,2,95
2,Low,type3,3,2,87
2,Low,type3,3,2,87
2,Low,type1,0,3,81
2,Low,type2,0,3,99
2,Low,type2,0,3,99
2,Low,type3,0,3,92
2,Low,type1,1,3,83
2,Low,type2,1,3,91
2,Low,type3,1,3,86
2,Low,type1,2,3,85
2,Low,type2,2,3,82
2,Low,type3,2,3,83
2,Low,type1,3,3,89
2,Low,type2,3,3,81
2,Low,type3,3,3,93
2,Low,type3,3,3,93
3,Low,type1,0,0,81
3,Low,type1,0,0,81
3,Low,type2,0,0,91
3,Low,type3,0,0,84
3,Low,type1,1,0,83
3,Low,type1,1,0,83
3,Low,type2,1,0,98
3,Low,type2,1,0,98
3,Low,type3,1,0,97
3,Low,type3,1,0,97
3,Low,type1,2,0,91
3,Low,type2,2,0,96
3,Low,type2,2,0,96
3,Low,type3,2,0,99
3,Low,type1,3,0,83
3,Low,type1,3,0,83
3,Low,type2,3,0,91
3,Low,type3,3,0,83
3,Low,type1,0,1,81
3,Low,type1,0,1,81
3,Low,type2,0,1,97
3,Low,type2,0,1,97
3,Low,type3,0,1,90
3,Low,type1,1,1,86
3,Low,type1,1,1,86
3,Low,type2,1,1,97
3,Low,type3,1,1,86
3,Low,type1,2,1,99
3,Low,type1,2,1,99
3,Low,type2,2,1,95
3,Low,type3,2,1,94
3,Low,type1,3,1,88
3,Low,type1,3,1,88
3,Low,type2,3,1,89
3,Low,type3,3,1,100
3,Low,type1,0,2,90
3,Low,type1,0,2,90
3,Low,type2,0,2,84
3,Low,type2,0,2,84
3,Low,type3,0,2,95
3,Low,type1,1,2,87
3,Low,type2,1,2,81
3,Low,type2,1,2,81
3,Low,type3,1,2,89
3,Low,type3,1,2,89
3,Low,type1,2,2,83
3,Low,type1,2,2,83
3,Low,type2,2,2,92
3,Low,type2,2,2,92
3,Low,type3,2,2,82
3,Low,type3,2,2,82
3,Low,type1,3,2,100
3,Low,type1,3,2,100
3,Low,type2,3,2,86
3,Low,type2,3,2,86
3,Low,type3,3,2,95
3,Low,type1,0,3,97
3,Low,type2,0,3,86
3,Low,type2,0,3,86
3,Low,type3,0,3,93
3,Low,type1,1,3,94
3,Low,type1,1,3,94
3,Low,type2,1,3,85
3,Low,type2,1,3,85
3,Low,type3,1,3,85
3,Low,type1,2,3,86
3,Low,type1,2,3,86
3,Low,type2,2,3,83
3,Low,type3,2,3,83
3,Low,type3,2,3,83
3,Low,type1,3,3,89
3,Low,type2,3,3,84
3,Low,type3,3,3,96
